x-axis,1,2
second,Volt,Volt
-5.000000E+00,+1.673367E+00,+69.887E-03
-4.995000E+00,+1.673367E+00,+77.927E-03
-4.990000E+00,+1.653266E+00,+69.887E-03
-4.985000E+00,+1.673367E+00,+69.887E-03
-4.980000E+00,+1.633166E+00,+77.927E-03
-4.975000E+00,+1.643216E+00,+71.897E-03
-4.970000E+00,+1.633166E+00,+69.887E-03
-4.965000E+00,+1.633166E+00,+69.887E-03
-4.960000E+00,+1.673367E+00,+69.887E-03
-4.955000E+00,+1.633166E+00,+75.917E-03
-4.950000E+00,+1.633166E+00,+73.907E-03
-4.945000E+00,+1.592965E+00,+69.887E-03
-4.940000E+00,+1.592965E+00,+69.887E-03
-4.935000E+00,+1.592965E+00,+69.887E-03
-4.930000E+00,+1.613065E+00,+69.887E-03
-4.925000E+00,+1.592965E+00,+69.887E-03
-4.920000E+00,+1.633166E+00,+69.887E-03
-4.915000E+00,+1.592965E+00,+67.877E-03
-4.910000E+00,+1.592965E+00,+69.887E-03
-4.905000E+00,+1.582915E+00,+63.857E-03
-4.900000E+00,+1.592965E+00,+61.847E-03
-4.895000E+00,+1.562814E+00,+69.887E-03
-4.890000E+00,+1.592965E+00,+69.887E-03
-4.885000E+00,+1.552764E+00,+63.857E-03
-4.880000E+00,+1.552764E+00,+61.847E-03
-4.875000E+00,+1.552764E+00,+69.887E-03
-4.870000E+00,+1.552764E+00,+61.847E-03
-4.865000E+00,+1.552764E+00,+67.877E-03
-4.860000E+00,+1.552764E+00,+61.847E-03
-4.855000E+00,+1.552764E+00,+63.857E-03
-4.850000E+00,+1.492462E+00,+61.847E-03
-4.845000E+00,+1.512563E+00,+65.867E-03
-4.840000E+00,+1.512563E+00,+61.847E-03
-4.835000E+00,+1.512563E+00,+61.847E-03
-4.830000E+00,+1.512563E+00,+65.867E-03
-4.825000E+00,+1.522613E+00,+61.847E-03
-4.820000E+00,+1.512563E+00,+61.847E-03
-4.815000E+00,+1.512563E+00,+63.857E-03
-4.810000E+00,+1.512563E+00,+61.847E-03
-4.805000E+00,+1.502513E+00,+61.847E-03
-4.800000E+00,+1.472362E+00,+61.847E-03
-4.795000E+00,+1.502513E+00,+61.847E-03
-4.790000E+00,+1.492462E+00,+61.847E-03
-4.785000E+00,+1.472362E+00,+71.897E-03
-4.780000E+00,+1.472362E+00,+61.847E-03
-4.775000E+00,+1.462312E+00,+61.847E-03
-4.770000E+00,+1.452261E+00,+61.847E-03
-4.765000E+00,+1.462312E+00,+61.847E-03
-4.760000E+00,+1.472362E+00,+53.807E-03
-4.755000E+00,+1.442211E+00,+61.847E-03
-4.750000E+00,+1.452261E+00,+57.827E-03
-4.745000E+00,+1.432161E+00,+61.847E-03
-4.740000E+00,+1.432161E+00,+61.847E-03
-4.735000E+00,+1.442211E+00,+55.817E-03
-4.730000E+00,+1.432161E+00,+61.847E-03
-4.725000E+00,+1.432161E+00,+61.847E-03
-4.720000E+00,+1.432161E+00,+61.847E-03
-4.715000E+00,+1.432161E+00,+61.847E-03
-4.710000E+00,+1.412060E+00,+57.827E-03
-4.705000E+00,+1.391960E+00,+53.807E-03
-4.700000E+00,+1.432161E+00,+53.807E-03
-4.695000E+00,+1.402010E+00,+55.817E-03
-4.690000E+00,+1.391960E+00,+53.807E-03
-4.685000E+00,+1.391960E+00,+53.807E-03
-4.680000E+00,+1.391960E+00,+61.847E-03
-4.675000E+00,+1.391960E+00,+55.817E-03
-4.670000E+00,+1.391960E+00,+57.827E-03
-4.665000E+00,+1.381910E+00,+53.807E-03
-4.660000E+00,+1.391960E+00,+53.807E-03
-4.655000E+00,+1.361809E+00,+55.817E-03
-4.650000E+00,+1.371859E+00,+57.827E-03
-4.645000E+00,+1.391960E+00,+53.807E-03
-4.640000E+00,+1.351759E+00,+53.807E-03
-4.635000E+00,+1.351759E+00,+55.817E-03
-4.630000E+00,+1.371859E+00,+57.827E-03
-4.625000E+00,+1.351759E+00,+47.776E-03
-4.620000E+00,+1.311558E+00,+45.766E-03
-4.615000E+00,+1.311558E+00,+53.807E-03
-4.610000E+00,+1.311558E+00,+53.807E-03
-4.605000E+00,+1.311558E+00,+53.807E-03
-4.600000E+00,+1.351759E+00,+45.766E-03
-4.595000E+00,+1.311558E+00,+51.796E-03
-4.590000E+00,+1.291457E+00,+49.786E-03
-4.585000E+00,+1.281407E+00,+53.807E-03
-4.580000E+00,+1.311558E+00,+45.766E-03
-4.575000E+00,+1.271357E+00,+51.796E-03
-4.570000E+00,+1.291457E+00,+49.786E-03
-4.565000E+00,+1.311558E+00,+53.807E-03
-4.560000E+00,+1.271357E+00,+53.807E-03
-4.555000E+00,+1.271357E+00,+51.796E-03
-4.550000E+00,+1.271357E+00,+45.766E-03
-4.545000E+00,+1.271357E+00,+45.766E-03
-4.540000E+00,+1.271357E+00,+53.807E-03
-4.535000E+00,+1.271357E+00,+53.807E-03
-4.530000E+00,+1.271357E+00,+45.766E-03
-4.525000E+00,+1.261307E+00,+45.766E-03
-4.520000E+00,+1.231156E+00,+45.766E-03
-4.515000E+00,+1.231156E+00,+45.766E-03
-4.510000E+00,+1.251256E+00,+49.786E-03
-4.505000E+00,+1.231156E+00,+47.776E-03
-4.500000E+00,+1.231156E+00,+45.766E-03
-4.495000E+00,+1.231156E+00,+47.776E-03
-4.490000E+00,+1.190955E+00,+49.786E-03
-4.485000E+00,+1.231156E+00,+47.776E-03
-4.480000E+00,+1.190955E+00,+45.766E-03
-4.475000E+00,+1.231156E+00,+45.766E-03
-4.470000E+00,+1.211055E+00,+45.766E-03
-4.465000E+00,+1.231156E+00,+47.776E-03
-4.460000E+00,+1.231156E+00,+45.766E-03
-4.455000E+00,+1.190955E+00,+39.736E-03
-4.450000E+00,+1.211055E+00,+45.766E-03
-4.445000E+00,+1.190955E+00,+45.766E-03
-4.440000E+00,+1.190955E+00,+45.766E-03
-4.435000E+00,+1.190955E+00,+45.766E-03
-4.430000E+00,+1.170854E+00,+41.746E-03
-4.425000E+00,+1.150754E+00,+39.736E-03
-4.420000E+00,+1.150754E+00,+37.726E-03
-4.415000E+00,+1.180905E+00,+45.766E-03
-4.410000E+00,+1.150754E+00,+37.726E-03
-4.405000E+00,+1.180905E+00,+43.756E-03
-4.400000E+00,+1.150754E+00,+45.766E-03
-4.395000E+00,+1.110553E+00,+45.766E-03
-4.390000E+00,+1.150754E+00,+45.766E-03
-4.385000E+00,+1.150754E+00,+45.766E-03
-4.380000E+00,+1.110553E+00,+45.766E-03
-4.375000E+00,+1.150754E+00,+45.766E-03
-4.370000E+00,+1.110553E+00,+37.726E-03
-4.365000E+00,+1.110553E+00,+45.766E-03
-4.360000E+00,+1.110553E+00,+37.726E-03
-4.355000E+00,+1.140704E+00,+37.726E-03
-4.350000E+00,+1.110553E+00,+37.726E-03
-4.345000E+00,+1.110553E+00,+39.736E-03
-4.340000E+00,+1.110553E+00,+37.726E-03
-4.335000E+00,+1.110553E+00,+45.766E-03
-4.330000E+00,+1.070352E+00,+41.746E-03
-4.325000E+00,+1.070352E+00,+43.756E-03
-4.320000E+00,+1.070352E+00,+37.726E-03
-4.315000E+00,+1.070352E+00,+37.726E-03
-4.310000E+00,+1.070352E+00,+37.726E-03
-4.305000E+00,+1.070352E+00,+37.726E-03
-4.300000E+00,+1.070352E+00,+37.726E-03
-4.295000E+00,+1.070352E+00,+43.756E-03
-4.290000E+00,+1.070352E+00,+37.726E-03
-4.285000E+00,+1.070352E+00,+37.726E-03
-4.280000E+00,+1.070352E+00,+37.726E-03
-4.275000E+00,+1.030151E+00,+45.766E-03
-4.270000E+00,+1.030151E+00,+37.726E-03
-4.265000E+00,+1.030151E+00,+37.726E-03
-4.260000E+00,+1.030151E+00,+37.726E-03
-4.255000E+00,+1.030151E+00,+37.726E-03
-4.250000E+00,+1.010050E+00,+29.686E-03
-4.245000E+00,+989.950E-03,+43.756E-03
-4.240000E+00,+1.030151E+00,+37.726E-03
-4.235000E+00,+989.950E-03,+37.726E-03
-4.230000E+00,+989.950E-03,+33.706E-03
-4.225000E+00,+989.950E-03,+37.726E-03
-4.220000E+00,+989.950E-03,+37.726E-03
-4.215000E+00,+989.950E-03,+35.716E-03
-4.210000E+00,+989.950E-03,+37.726E-03
-4.205000E+00,+949.749E-03,+37.726E-03
-4.200000E+00,+989.950E-03,+29.686E-03
-4.195000E+00,+989.950E-03,+35.716E-03
-4.190000E+00,+949.749E-03,+37.726E-03
-4.185000E+00,+989.950E-03,+29.686E-03
-4.180000E+00,+989.950E-03,+37.726E-03
-4.175000E+00,+979.900E-03,+35.716E-03
-4.170000E+00,+929.648E-03,+29.686E-03
-4.165000E+00,+959.799E-03,+29.686E-03
-4.160000E+00,+949.749E-03,+37.726E-03
-4.155000E+00,+949.749E-03,+31.696E-03
-4.150000E+00,+949.749E-03,+29.686E-03
-4.145000E+00,+939.699E-03,+35.716E-03
-4.140000E+00,+909.548E-03,+29.686E-03
-4.135000E+00,+909.548E-03,+29.686E-03
-4.130000E+00,+909.548E-03,+25.666E-03
-4.125000E+00,+879.397E-03,+35.716E-03
-4.120000E+00,+869.347E-03,+29.686E-03
-4.115000E+00,+929.648E-03,+29.686E-03
-4.110000E+00,+869.347E-03,+29.686E-03
-4.105000E+00,+899.498E-03,+29.686E-03
-4.100000E+00,+869.347E-03,+29.686E-03
-4.095000E+00,+879.397E-03,+27.676E-03
-4.090000E+00,+889.447E-03,+33.706E-03
-4.085000E+00,+869.347E-03,+29.686E-03
-4.080000E+00,+909.548E-03,+29.686E-03
-4.075000E+00,+859.297E-03,+29.686E-03
-4.070000E+00,+869.347E-03,+29.686E-03
-4.065000E+00,+869.347E-03,+29.686E-03
-4.060000E+00,+909.548E-03,+29.686E-03
-4.055000E+00,+859.297E-03,+29.686E-03
-4.050000E+00,+869.347E-03,+33.706E-03
-4.045000E+00,+829.146E-03,+23.656E-03
-4.040000E+00,+829.146E-03,+29.686E-03
-4.035000E+00,+829.146E-03,+29.686E-03
-4.030000E+00,+829.146E-03,+29.686E-03
-4.025000E+00,+829.146E-03,+23.656E-03
-4.020000E+00,+829.146E-03,+29.686E-03
-4.015000E+00,+788.945E-03,+27.676E-03
-4.010000E+00,+788.945E-03,+29.686E-03
-4.005000E+00,+798.995E-03,+23.656E-03
-4.000000E+00,+788.945E-03,+29.686E-03
-3.995000E+00,+788.945E-03,+29.686E-03
-3.990000E+00,+809.045E-03,+25.666E-03
-3.985000E+00,+788.945E-03,+21.646E-03
-3.980000E+00,+788.945E-03,+29.686E-03
-3.975000E+00,+758.794E-03,+27.676E-03
-3.970000E+00,+768.844E-03,+25.666E-03
-3.965000E+00,+778.894E-03,+27.676E-03
-3.960000E+00,+788.945E-03,+21.646E-03
-3.955000E+00,+778.894E-03,+21.646E-03
-3.950000E+00,+788.945E-03,+21.646E-03
-3.945000E+00,+748.744E-03,+21.646E-03
-3.940000E+00,+748.744E-03,+21.646E-03
-3.935000E+00,+748.744E-03,+27.676E-03
-3.930000E+00,+748.744E-03,+29.686E-03
-3.925000E+00,+778.894E-03,+23.656E-03
-3.920000E+00,+748.744E-03,+21.646E-03
-3.915000E+00,+738.693E-03,+21.646E-03
-3.910000E+00,+728.643E-03,+21.646E-03
-3.905000E+00,+748.744E-03,+21.646E-03
-3.900000E+00,+748.744E-03,+29.686E-03
-3.895000E+00,+688.442E-03,+27.676E-03
-3.890000E+00,+748.744E-03,+21.646E-03
-3.885000E+00,+708.543E-03,+19.636E-03
-3.880000E+00,+708.543E-03,+21.646E-03
-3.875000E+00,+678.392E-03,+21.646E-03
-3.870000E+00,+708.543E-03,+21.646E-03
-3.865000E+00,+708.543E-03,+21.646E-03
-3.860000E+00,+708.543E-03,+21.646E-03
-3.855000E+00,+728.643E-03,+21.646E-03
-3.850000E+00,+668.342E-03,+21.646E-03
-3.845000E+00,+668.342E-03,+21.646E-03
-3.840000E+00,+668.342E-03,+21.646E-03
-3.835000E+00,+668.342E-03,+19.636E-03
-3.830000E+00,+668.342E-03,+21.646E-03
-3.825000E+00,+678.392E-03,+21.646E-03
-3.820000E+00,+668.342E-03,+21.646E-03
-3.815000E+00,+658.291E-03,+21.646E-03
-3.810000E+00,+628.141E-03,+21.646E-03
-3.805000E+00,+638.191E-03,+21.646E-03
-3.800000E+00,+628.141E-03,+21.646E-03
-3.795000E+00,+658.291E-03,+15.616E-03
-3.790000E+00,+628.141E-03,+17.626E-03
-3.785000E+00,+628.141E-03,+19.636E-03
-3.780000E+00,+628.141E-03,+21.646E-03
-3.775000E+00,+597.990E-03,+21.646E-03
-3.770000E+00,+608.040E-03,+17.626E-03
-3.765000E+00,+628.141E-03,+15.616E-03
-3.760000E+00,+628.141E-03,+13.606E-03
-3.755000E+00,+587.940E-03,+15.616E-03
-3.750000E+00,+608.040E-03,+17.626E-03
-3.745000E+00,+587.940E-03,+13.606E-03
-3.740000E+00,+587.940E-03,+21.646E-03
-3.735000E+00,+587.940E-03,+13.606E-03
-3.730000E+00,+587.940E-03,+13.606E-03
-3.725000E+00,+587.940E-03,+13.606E-03
-3.720000E+00,+587.940E-03,+21.646E-03
-3.715000E+00,+587.940E-03,+21.646E-03
-3.710000E+00,+547.739E-03,+13.606E-03
-3.705000E+00,+547.739E-03,+15.616E-03
-3.700000E+00,+547.739E-03,+13.606E-03
-3.695000E+00,+557.789E-03,+13.606E-03
-3.690000E+00,+527.638E-03,+17.626E-03
-3.685000E+00,+517.588E-03,+19.636E-03
-3.680000E+00,+547.739E-03,+13.606E-03
-3.675000E+00,+547.739E-03,+13.606E-03
-3.670000E+00,+547.739E-03,+13.606E-03
-3.665000E+00,+547.739E-03,+13.606E-03
-3.660000E+00,+507.538E-03,+21.646E-03
-3.655000E+00,+507.538E-03,+13.606E-03
-3.650000E+00,+507.538E-03,+13.606E-03
-3.645000E+00,+537.688E-03,+15.616E-03
-3.640000E+00,+507.538E-03,+13.606E-03
-3.635000E+00,+507.538E-03,+13.606E-03
-3.630000E+00,+507.538E-03,+13.606E-03
-3.625000E+00,+507.538E-03,+13.606E-03
-3.620000E+00,+467.337E-03,+13.606E-03
-3.615000E+00,+467.337E-03,+13.606E-03
-3.610000E+00,+467.337E-03,+13.606E-03
-3.605000E+00,+507.538E-03,+13.606E-03
-3.600000E+00,+467.337E-03,+13.606E-03
-3.595000E+00,+487.437E-03,+7.575E-03
-3.590000E+00,+427.136E-03,+13.606E-03
-3.585000E+00,+437.186E-03,+7.575E-03
-3.580000E+00,+427.136E-03,+13.606E-03
-3.575000E+00,+467.337E-03,+13.606E-03
-3.570000E+00,+427.136E-03,+13.606E-03
-3.565000E+00,+457.286E-03,+11.595E-03
-3.560000E+00,+427.136E-03,+5.565E-03
-3.555000E+00,+427.136E-03,+13.606E-03
-3.550000E+00,+407.035E-03,+13.606E-03
-3.545000E+00,+396.985E-03,+13.606E-03
-3.540000E+00,+427.136E-03,+13.606E-03
-3.535000E+00,+427.136E-03,+7.575E-03
-3.530000E+00,+407.035E-03,+13.606E-03
-3.525000E+00,+386.935E-03,+7.575E-03
-3.520000E+00,+427.136E-03,+5.565E-03
-3.515000E+00,+417.085E-03,+5.565E-03
-3.510000E+00,+386.935E-03,+9.585E-03
-3.505000E+00,+386.935E-03,+11.595E-03
-3.500000E+00,+386.935E-03,+5.565E-03
-3.495000E+00,+356.784E-03,+11.595E-03
-3.490000E+00,+346.734E-03,+9.585E-03
-3.485000E+00,+376.884E-03,+7.575E-03
-3.480000E+00,+346.734E-03,+13.606E-03
-3.475000E+00,+386.935E-03,+13.606E-03
-3.470000E+00,+346.734E-03,+13.606E-03
-3.465000E+00,+316.583E-03,+5.565E-03
-3.460000E+00,+346.734E-03,+13.606E-03
-3.455000E+00,+346.734E-03,+5.565E-03
-3.450000E+00,+326.633E-03,+9.585E-03
-3.445000E+00,+316.583E-03,+5.565E-03
-3.440000E+00,+346.734E-03,+5.565E-03
-3.435000E+00,+346.734E-03,-465E-06
-3.430000E+00,+326.633E-03,+5.565E-03
-3.425000E+00,+306.533E-03,+5.565E-03
-3.420000E+00,+306.533E-03,+5.565E-03
-3.415000E+00,+306.533E-03,+5.565E-03
-3.410000E+00,+306.533E-03,+5.565E-03
-3.405000E+00,+316.583E-03,+7.575E-03
-3.400000E+00,+306.533E-03,+5.565E-03
-3.395000E+00,+306.533E-03,+5.565E-03
-3.390000E+00,+306.533E-03,+9.585E-03
-3.385000E+00,+296.482E-03,+5.565E-03
-3.380000E+00,+266.332E-03,+13.606E-03
-3.375000E+00,+266.332E-03,+7.575E-03
-3.370000E+00,+306.533E-03,+9.585E-03
-3.365000E+00,+266.332E-03,-2.475E-03
-3.360000E+00,+266.332E-03,+5.565E-03
-3.355000E+00,+306.533E-03,+5.565E-03
-3.350000E+00,+266.332E-03,+5.565E-03
-3.345000E+00,+266.332E-03,+5.565E-03
-3.340000E+00,+226.131E-03,+5.565E-03
-3.335000E+00,+256.281E-03,+3.555E-03
-3.330000E+00,+246.231E-03,-2.475E-03
-3.325000E+00,+236.181E-03,+3.555E-03
-3.320000E+00,+226.131E-03,-2.475E-03
-3.315000E+00,+216.080E-03,+3.555E-03
-3.310000E+00,+226.131E-03,+1.545E-03
-3.305000E+00,+226.131E-03,-465E-06
-3.300000E+00,+185.930E-03,-2.475E-03
-3.295000E+00,+226.131E-03,+3.555E-03
-3.290000E+00,+226.131E-03,+1.545E-03
-3.285000E+00,+216.080E-03,-465E-06
-3.280000E+00,+185.930E-03,+5.565E-03
-3.275000E+00,+185.930E-03,-465E-06
-3.270000E+00,+185.930E-03,+1.545E-03
-3.265000E+00,+185.930E-03,-2.475E-03
-3.260000E+00,+185.930E-03,+5.565E-03
-3.255000E+00,+216.080E-03,-465E-06
-3.250000E+00,+165.829E-03,-2.475E-03
-3.245000E+00,+185.930E-03,+3.555E-03
-3.240000E+00,+145.729E-03,+5.565E-03
-3.235000E+00,+155.779E-03,+3.555E-03
-3.230000E+00,+145.729E-03,-2.475E-03
-3.225000E+00,+145.729E-03,-2.475E-03
-3.220000E+00,+145.729E-03,-2.475E-03
-3.215000E+00,+155.779E-03,+5.565E-03
-3.210000E+00,+185.930E-03,-2.475E-03
-3.205000E+00,+115.578E-03,-2.475E-03
-3.200000E+00,+145.729E-03,-2.475E-03
-3.195000E+00,+115.578E-03,-2.475E-03
-3.190000E+00,+145.729E-03,-2.475E-03
-3.185000E+00,+115.578E-03,-2.475E-03
-3.180000E+00,+145.729E-03,-2.475E-03
-3.175000E+00,+95.477E-03,-2.475E-03
-3.170000E+00,+105.528E-03,-2.475E-03
-3.165000E+00,+105.528E-03,-2.475E-03
-3.160000E+00,+145.729E-03,-2.475E-03
-3.155000E+00,+75.377E-03,-2.475E-03
-3.150000E+00,+105.528E-03,-2.475E-03
-3.145000E+00,+105.528E-03,-2.475E-03
-3.140000E+00,+65.327E-03,-2.475E-03
-3.135000E+00,+95.477E-03,-2.475E-03
-3.130000E+00,+85.427E-03,+1.545E-03
-3.125000E+00,+65.327E-03,+3.555E-03
-3.120000E+00,+65.327E-03,-2.475E-03
-3.115000E+00,+65.327E-03,-2.475E-03
-3.110000E+00,+25.126E-03,-10.515E-03
-3.105000E+00,+25.126E-03,-4.485E-03
-3.100000E+00,+25.126E-03,-2.475E-03
-3.095000E+00,+25.126E-03,-8.505E-03
-3.090000E+00,+45.226E-03,-2.475E-03
-3.085000E+00,+65.327E-03,-2.475E-03
-3.080000E+00,+65.327E-03,-2.475E-03
-3.075000E+00,+25.126E-03,-4.485E-03
-3.070000E+00,+5.025E-03,-10.515E-03
-3.065000E+00,+25.126E-03,-10.515E-03
-3.060000E+00,+25.126E-03,-10.515E-03
-3.055000E+00,+25.126E-03,-4.485E-03
-3.050000E+00,+25.126E-03,-2.475E-03
-3.045000E+00,-45.226E-03,-2.475E-03
-3.040000E+00,+25.126E-03,-10.515E-03
-3.035000E+00,-15.075E-03,-4.485E-03
-3.030000E+00,-15.075E-03,-6.495E-03
-3.025000E+00,-5.025E-03,-4.485E-03
-3.020000E+00,-15.075E-03,-2.475E-03
-3.015000E+00,-25.126E-03,-10.515E-03
-3.010000E+00,-55.276E-03,-10.515E-03
-3.005000E+00,-45.226E-03,-2.475E-03
-3.000000E+00,-55.276E-03,-10.515E-03
-2.995000E+00,-25.126E-03,-4.485E-03
-2.990000E+00,-35.176E-03,-10.515E-03
-2.985000E+00,-45.226E-03,-2.475E-03
-2.980000E+00,-55.276E-03,-10.515E-03
-2.975000E+00,-45.226E-03,-4.485E-03
-2.970000E+00,-15.075E-03,-6.495E-03
-2.965000E+00,+15.075E-03,-8.505E-03
-2.960000E+00,-15.075E-03,-2.475E-03
-2.955000E+00,-25.126E-03,-2.475E-03
-2.950000E+00,-15.075E-03,-2.475E-03
-2.945000E+00,-15.075E-03,-8.505E-03
-2.940000E+00,-15.075E-03,-2.475E-03
-2.935000E+00,-15.075E-03,-10.515E-03
-2.930000E+00,+25.126E-03,-6.495E-03
-2.925000E+00,+25.126E-03,-2.475E-03
-2.920000E+00,+25.126E-03,-2.475E-03
-2.915000E+00,+15.075E-03,-2.475E-03
-2.910000E+00,+25.126E-03,-6.495E-03
-2.905000E+00,+55.276E-03,-8.505E-03
-2.900000E+00,+65.327E-03,-2.475E-03
-2.895000E+00,+55.276E-03,-2.475E-03
-2.890000E+00,+25.126E-03,-6.495E-03
-2.885000E+00,+55.276E-03,-8.505E-03
-2.880000E+00,+25.126E-03,-2.475E-03
-2.875000E+00,+35.176E-03,-2.475E-03
-2.870000E+00,+65.327E-03,-6.495E-03
-2.865000E+00,+95.477E-03,-2.475E-03
-2.860000E+00,+65.327E-03,-2.475E-03
-2.855000E+00,+65.327E-03,-2.475E-03
-2.850000E+00,+85.427E-03,-2.475E-03
-2.845000E+00,+65.327E-03,-2.475E-03
-2.840000E+00,+65.327E-03,-2.475E-03
-2.835000E+00,+95.477E-03,-2.475E-03
-2.830000E+00,+85.427E-03,-2.475E-03
-2.825000E+00,+95.477E-03,-2.475E-03
-2.820000E+00,+105.528E-03,-10.515E-03
-2.815000E+00,+95.477E-03,+3.555E-03
-2.810000E+00,+105.528E-03,-2.475E-03
-2.805000E+00,+135.678E-03,-2.475E-03
-2.800000E+00,+145.729E-03,-2.475E-03
-2.795000E+00,+145.729E-03,-2.475E-03
-2.790000E+00,+145.729E-03,-6.495E-03
-2.785000E+00,+145.729E-03,-2.475E-03
-2.780000E+00,+105.528E-03,-2.475E-03
-2.775000E+00,+145.729E-03,+3.555E-03
-2.770000E+00,+145.729E-03,-6.495E-03
-2.765000E+00,+145.729E-03,-465E-06
-2.760000E+00,+145.729E-03,-2.475E-03
-2.755000E+00,+125.628E-03,-8.505E-03
-2.750000E+00,+165.829E-03,+1.545E-03
-2.745000E+00,+155.779E-03,-2.475E-03
-2.740000E+00,+185.930E-03,+5.565E-03
-2.735000E+00,+185.930E-03,-465E-06
-2.730000E+00,+185.930E-03,+1.545E-03
-2.725000E+00,+185.930E-03,-465E-06
-2.720000E+00,+185.930E-03,-2.475E-03
-2.715000E+00,+185.930E-03,-465E-06
-2.710000E+00,+185.930E-03,+1.545E-03
-2.705000E+00,+195.980E-03,+5.565E-03
-2.700000E+00,+226.131E-03,-2.475E-03
-2.695000E+00,+195.980E-03,-465E-06
-2.690000E+00,+206.030E-03,-2.475E-03
-2.685000E+00,+206.030E-03,+5.565E-03
-2.680000E+00,+226.131E-03,+5.565E-03
-2.675000E+00,+236.181E-03,+5.565E-03
-2.670000E+00,+246.231E-03,+5.565E-03
-2.665000E+00,+266.332E-03,+5.565E-03
-2.660000E+00,+226.131E-03,-2.475E-03
-2.655000E+00,+226.131E-03,+5.565E-03
-2.650000E+00,+226.131E-03,+1.545E-03
-2.645000E+00,+226.131E-03,-465E-06
-2.640000E+00,+306.533E-03,-2.475E-03
-2.635000E+00,+266.332E-03,+5.565E-03
-2.630000E+00,+266.332E-03,+1.545E-03
-2.625000E+00,+266.332E-03,-465E-06
-2.620000E+00,+266.332E-03,+5.565E-03
-2.615000E+00,+266.332E-03,+5.565E-03
-2.610000E+00,+306.533E-03,+1.545E-03
-2.605000E+00,+306.533E-03,+5.565E-03
-2.600000E+00,+266.332E-03,+5.565E-03
-2.595000E+00,+266.332E-03,+7.575E-03
-2.590000E+00,+286.432E-03,+1.545E-03
-2.585000E+00,+276.382E-03,+11.595E-03
-2.580000E+00,+306.533E-03,+5.565E-03
-2.575000E+00,+306.533E-03,+5.565E-03
-2.570000E+00,+326.633E-03,+9.585E-03
-2.565000E+00,+336.683E-03,+5.565E-03
-2.560000E+00,+346.734E-03,+5.565E-03
-2.555000E+00,+316.583E-03,+5.565E-03
-2.550000E+00,+346.734E-03,+9.585E-03
-2.545000E+00,+346.734E-03,+5.565E-03
-2.540000E+00,+306.533E-03,+5.565E-03
-2.535000E+00,+316.583E-03,+5.565E-03
-2.530000E+00,+306.533E-03,+5.565E-03
-2.525000E+00,+346.734E-03,+7.575E-03
-2.520000E+00,+346.734E-03,+5.565E-03
-2.515000E+00,+386.935E-03,+7.575E-03
-2.510000E+00,+346.734E-03,+9.585E-03
-2.505000E+00,+376.884E-03,+7.575E-03
-2.500000E+00,+346.734E-03,+5.565E-03
-2.495000E+00,+386.935E-03,+5.565E-03
-2.490000E+00,+366.834E-03,+9.585E-03
-2.485000E+00,+386.935E-03,+7.575E-03
-2.480000E+00,+386.935E-03,+5.565E-03
-2.475000E+00,+396.985E-03,+7.575E-03
-2.470000E+00,+386.935E-03,+13.606E-03
-2.465000E+00,+396.985E-03,+5.565E-03
-2.460000E+00,+386.935E-03,+5.565E-03
-2.455000E+00,+396.985E-03,+5.565E-03
-2.450000E+00,+447.236E-03,+5.565E-03
-2.445000E+00,+427.136E-03,+7.575E-03
-2.440000E+00,+427.136E-03,+13.606E-03
-2.435000E+00,+417.085E-03,+7.575E-03
-2.430000E+00,+427.136E-03,+13.606E-03
-2.425000E+00,+427.136E-03,+13.606E-03
-2.420000E+00,+427.136E-03,+13.606E-03
-2.415000E+00,+457.286E-03,+13.606E-03
-2.410000E+00,+447.236E-03,+13.606E-03
-2.405000E+00,+427.136E-03,+13.606E-03
-2.400000E+00,+427.136E-03,+13.606E-03
-2.395000E+00,+467.337E-03,+13.606E-03
-2.390000E+00,+447.236E-03,+9.585E-03
-2.385000E+00,+467.337E-03,+13.606E-03
-2.380000E+00,+467.337E-03,+13.606E-03
-2.375000E+00,+497.487E-03,+13.606E-03
-2.370000E+00,+487.437E-03,+13.606E-03
-2.365000E+00,+467.337E-03,+13.606E-03
-2.360000E+00,+467.337E-03,+13.606E-03
-2.355000E+00,+507.538E-03,+13.606E-03
-2.350000E+00,+507.538E-03,+13.606E-03
-2.345000E+00,+507.538E-03,+13.606E-03
-2.340000E+00,+507.538E-03,+13.606E-03
-2.335000E+00,+537.688E-03,+13.606E-03
-2.330000E+00,+507.538E-03,+13.606E-03
-2.325000E+00,+577.889E-03,+19.636E-03
-2.320000E+00,+507.538E-03,+13.606E-03
-2.315000E+00,+537.688E-03,+19.636E-03
-2.310000E+00,+527.638E-03,+13.606E-03
-2.305000E+00,+547.739E-03,+13.606E-03
-2.300000E+00,+547.739E-03,+13.606E-03
-2.295000E+00,+547.739E-03,+13.606E-03
-2.290000E+00,+547.739E-03,+13.606E-03
-2.285000E+00,+577.889E-03,+15.616E-03
-2.280000E+00,+547.739E-03,+21.646E-03
-2.275000E+00,+587.940E-03,+15.616E-03
-2.270000E+00,+547.739E-03,+13.606E-03
-2.265000E+00,+557.789E-03,+19.636E-03
-2.260000E+00,+628.141E-03,+13.606E-03
-2.255000E+00,+587.940E-03,+19.636E-03
-2.250000E+00,+587.940E-03,+17.626E-03
-2.245000E+00,+587.940E-03,+13.606E-03
-2.240000E+00,+587.940E-03,+21.646E-03
-2.235000E+00,+587.940E-03,+13.606E-03
-2.230000E+00,+587.940E-03,+17.626E-03
-2.225000E+00,+628.141E-03,+15.616E-03
-2.220000E+00,+628.141E-03,+13.606E-03
-2.215000E+00,+597.990E-03,+13.606E-03
-2.210000E+00,+628.141E-03,+21.646E-03
-2.205000E+00,+628.141E-03,+13.606E-03
-2.200000E+00,+628.141E-03,+21.646E-03
-2.195000E+00,+628.141E-03,+19.636E-03
-2.190000E+00,+628.141E-03,+21.646E-03
-2.185000E+00,+628.141E-03,+21.646E-03
-2.180000E+00,+668.342E-03,+21.646E-03
-2.175000E+00,+658.291E-03,+15.616E-03
-2.170000E+00,+648.241E-03,+13.606E-03
-2.165000E+00,+668.342E-03,+25.666E-03
-2.160000E+00,+668.342E-03,+21.646E-03
-2.155000E+00,+668.342E-03,+21.646E-03
-2.150000E+00,+668.342E-03,+21.646E-03
-2.145000E+00,+668.342E-03,+21.646E-03
-2.140000E+00,+668.342E-03,+29.686E-03
-2.135000E+00,+678.392E-03,+21.646E-03
-2.130000E+00,+648.241E-03,+17.626E-03
-2.125000E+00,+738.693E-03,+19.636E-03
-2.120000E+00,+708.543E-03,+21.646E-03
-2.115000E+00,+718.593E-03,+21.646E-03
-2.110000E+00,+688.442E-03,+25.666E-03
-2.105000E+00,+708.543E-03,+21.646E-03
-2.100000E+00,+708.543E-03,+21.646E-03
-2.095000E+00,+748.744E-03,+21.646E-03
-2.090000E+00,+728.643E-03,+21.646E-03
-2.085000E+00,+718.593E-03,+21.646E-03
-2.080000E+00,+748.744E-03,+21.646E-03
-2.075000E+00,+738.693E-03,+21.646E-03
-2.070000E+00,+748.744E-03,+21.646E-03
-2.065000E+00,+718.593E-03,+21.646E-03
-2.060000E+00,+748.744E-03,+29.686E-03
-2.055000E+00,+748.744E-03,+21.646E-03
-2.050000E+00,+748.744E-03,+25.666E-03
-2.045000E+00,+748.744E-03,+23.656E-03
-2.040000E+00,+748.744E-03,+29.686E-03
-2.035000E+00,+778.894E-03,+27.676E-03
-2.030000E+00,+768.844E-03,+25.666E-03
-2.025000E+00,+788.945E-03,+23.656E-03
-2.020000E+00,+788.945E-03,+29.686E-03
-2.015000E+00,+788.945E-03,+27.676E-03
-2.010000E+00,+768.844E-03,+25.666E-03
-2.005000E+00,+758.794E-03,+29.686E-03
-2.000000E+00,+788.945E-03,+21.646E-03
-1.995000E+00,+788.945E-03,+27.676E-03
-1.990000E+00,+809.045E-03,+25.666E-03
-1.985000E+00,+829.146E-03,+21.646E-03
-1.980000E+00,+829.146E-03,+29.686E-03
-1.975000E+00,+819.096E-03,+23.656E-03
-1.970000E+00,+809.045E-03,+29.686E-03
-1.965000E+00,+859.297E-03,+21.646E-03
-1.960000E+00,+788.945E-03,+29.686E-03
-1.955000E+00,+829.146E-03,+23.656E-03
-1.950000E+00,+829.146E-03,+29.686E-03
-1.945000E+00,+859.297E-03,+27.676E-03
-1.940000E+00,+788.945E-03,+29.686E-03
-1.935000E+00,+869.347E-03,+29.686E-03
-1.930000E+00,+869.347E-03,+29.686E-03
-1.925000E+00,+869.347E-03,+29.686E-03
-1.920000E+00,+829.146E-03,+29.686E-03
-1.915000E+00,+869.347E-03,+29.686E-03
-1.910000E+00,+869.347E-03,+21.646E-03
-1.905000E+00,+869.347E-03,+27.676E-03
-1.900000E+00,+909.548E-03,+29.686E-03
-1.895000E+00,+899.498E-03,+29.686E-03
-1.890000E+00,+869.347E-03,+29.686E-03
-1.885000E+00,+899.498E-03,+27.676E-03
-1.880000E+00,+869.347E-03,+29.686E-03
-1.875000E+00,+899.498E-03,+29.686E-03
-1.870000E+00,+909.548E-03,+29.686E-03
-1.865000E+00,+909.548E-03,+31.696E-03
-1.860000E+00,+909.548E-03,+37.726E-03
-1.855000E+00,+929.648E-03,+37.726E-03
-1.850000E+00,+909.548E-03,+33.706E-03
-1.845000E+00,+909.548E-03,+35.716E-03
-1.840000E+00,+909.548E-03,+29.686E-03
-1.835000E+00,+959.799E-03,+29.686E-03
-1.830000E+00,+929.648E-03,+33.706E-03
-1.825000E+00,+949.749E-03,+31.696E-03
-1.820000E+00,+909.548E-03,+29.686E-03
-1.815000E+00,+949.749E-03,+35.716E-03
-1.810000E+00,+949.749E-03,+33.706E-03
-1.805000E+00,+959.799E-03,+29.686E-03
-1.800000E+00,+949.749E-03,+29.686E-03
-1.795000E+00,+959.799E-03,+37.726E-03
-1.790000E+00,+969.849E-03,+33.706E-03
-1.785000E+00,+979.900E-03,+31.696E-03
-1.780000E+00,+949.749E-03,+37.726E-03
-1.775000E+00,+1.000000E+00,+37.726E-03
-1.770000E+00,+989.950E-03,+37.726E-03
-1.765000E+00,+989.950E-03,+43.756E-03
-1.760000E+00,+1.030151E+00,+37.726E-03
-1.755000E+00,+1.020101E+00,+37.726E-03
-1.750000E+00,+1.010050E+00,+33.706E-03
-1.745000E+00,+989.950E-03,+35.716E-03
-1.740000E+00,+1.030151E+00,+37.726E-03
-1.735000E+00,+1.030151E+00,+39.736E-03
-1.730000E+00,+1.030151E+00,+37.726E-03
-1.725000E+00,+1.030151E+00,+29.686E-03
-1.720000E+00,+1.030151E+00,+37.726E-03
-1.715000E+00,+1.020101E+00,+37.726E-03
-1.710000E+00,+1.030151E+00,+37.726E-03
-1.705000E+00,+1.040201E+00,+37.726E-03
-1.700000E+00,+1.030151E+00,+45.766E-03
-1.695000E+00,+1.040201E+00,+37.726E-03
-1.690000E+00,+1.070352E+00,+33.706E-03
-1.685000E+00,+1.070352E+00,+37.726E-03
-1.680000E+00,+1.030151E+00,+37.726E-03
-1.675000E+00,+1.110553E+00,+31.696E-03
-1.670000E+00,+1.070352E+00,+41.746E-03
-1.665000E+00,+1.080402E+00,+39.736E-03
-1.660000E+00,+1.070352E+00,+45.766E-03
-1.655000E+00,+1.070352E+00,+37.726E-03
-1.650000E+00,+1.070352E+00,+37.726E-03
-1.645000E+00,+1.110553E+00,+39.736E-03
-1.640000E+00,+1.110553E+00,+37.726E-03
-1.635000E+00,+1.110553E+00,+43.756E-03
-1.630000E+00,+1.110553E+00,+41.746E-03
-1.625000E+00,+1.100503E+00,+39.736E-03
-1.620000E+00,+1.110553E+00,+37.726E-03
-1.615000E+00,+1.110553E+00,+43.756E-03
-1.610000E+00,+1.130653E+00,+41.746E-03
-1.605000E+00,+1.110553E+00,+45.766E-03
-1.600000E+00,+1.150754E+00,+45.766E-03
-1.595000E+00,+1.160804E+00,+45.766E-03
-1.590000E+00,+1.150754E+00,+41.746E-03
-1.585000E+00,+1.150754E+00,+45.766E-03
-1.580000E+00,+1.150754E+00,+45.766E-03
-1.575000E+00,+1.160804E+00,+45.766E-03
-1.570000E+00,+1.170854E+00,+45.766E-03
-1.565000E+00,+1.150754E+00,+45.766E-03
-1.560000E+00,+1.150754E+00,+45.766E-03
-1.555000E+00,+1.180905E+00,+45.766E-03
-1.550000E+00,+1.150754E+00,+45.766E-03
-1.545000E+00,+1.190955E+00,+45.766E-03
-1.540000E+00,+1.190955E+00,+37.726E-03
-1.535000E+00,+1.190955E+00,+45.766E-03
-1.530000E+00,+1.190955E+00,+45.766E-03
-1.525000E+00,+1.190955E+00,+43.756E-03
-1.520000E+00,+1.190955E+00,+45.766E-03
-1.515000E+00,+1.201005E+00,+43.756E-03
-1.510000E+00,+1.231156E+00,+49.786E-03
-1.505000E+00,+1.231156E+00,+45.766E-03
-1.500000E+00,+1.190955E+00,+45.766E-03
-1.495000E+00,+1.231156E+00,+45.766E-03
-1.490000E+00,+1.211055E+00,+49.786E-03
-1.485000E+00,+1.231156E+00,+45.766E-03
-1.480000E+00,+1.231156E+00,+45.766E-03
-1.475000E+00,+1.231156E+00,+51.796E-03
-1.470000E+00,+1.231156E+00,+45.766E-03
-1.465000E+00,+1.261307E+00,+47.776E-03
-1.460000E+00,+1.271357E+00,+45.766E-03
-1.455000E+00,+1.231156E+00,+47.776E-03
-1.450000E+00,+1.271357E+00,+49.786E-03
-1.445000E+00,+1.301508E+00,+45.766E-03
-1.440000E+00,+1.311558E+00,+45.766E-03
-1.435000E+00,+1.301508E+00,+47.776E-03
-1.430000E+00,+1.291457E+00,+49.786E-03
-1.425000E+00,+1.271357E+00,+51.796E-03
-1.420000E+00,+1.271357E+00,+53.807E-03
-1.415000E+00,+1.281407E+00,+53.807E-03
-1.410000E+00,+1.311558E+00,+53.807E-03
-1.405000E+00,+1.311558E+00,+53.807E-03
-1.400000E+00,+1.311558E+00,+45.766E-03
-1.395000E+00,+1.281407E+00,+47.776E-03
-1.390000E+00,+1.291457E+00,+49.786E-03
-1.385000E+00,+1.321608E+00,+53.807E-03
-1.380000E+00,+1.311558E+00,+45.766E-03
-1.375000E+00,+1.351759E+00,+53.807E-03
-1.370000E+00,+1.331658E+00,+49.786E-03
-1.365000E+00,+1.321608E+00,+53.807E-03
-1.360000E+00,+1.311558E+00,+53.807E-03
-1.355000E+00,+1.351759E+00,+53.807E-03
-1.350000E+00,+1.351759E+00,+57.827E-03
-1.345000E+00,+1.361809E+00,+59.837E-03
-1.340000E+00,+1.391960E+00,+53.807E-03
-1.335000E+00,+1.351759E+00,+53.807E-03
-1.330000E+00,+1.351759E+00,+53.807E-03
-1.325000E+00,+1.351759E+00,+53.807E-03
-1.320000E+00,+1.391960E+00,+53.807E-03
-1.315000E+00,+1.391960E+00,+53.807E-03
-1.310000E+00,+1.371859E+00,+53.807E-03
-1.305000E+00,+1.391960E+00,+53.807E-03
-1.300000E+00,+1.351759E+00,+53.807E-03
-1.295000E+00,+1.381910E+00,+59.837E-03
-1.290000E+00,+1.432161E+00,+57.827E-03
-1.285000E+00,+1.402010E+00,+55.817E-03
-1.280000E+00,+1.391960E+00,+53.807E-03
-1.275000E+00,+1.432161E+00,+55.817E-03
-1.270000E+00,+1.432161E+00,+57.827E-03
-1.265000E+00,+1.432161E+00,+61.847E-03
-1.260000E+00,+1.391960E+00,+61.847E-03
-1.255000E+00,+1.462312E+00,+59.837E-03
-1.250000E+00,+1.432161E+00,+61.847E-03
-1.245000E+00,+1.432161E+00,+61.847E-03
-1.240000E+00,+1.432161E+00,+61.847E-03
-1.235000E+00,+1.432161E+00,+61.847E-03
-1.230000E+00,+1.432161E+00,+57.827E-03
-1.225000E+00,+1.452261E+00,+61.847E-03
-1.220000E+00,+1.472362E+00,+61.847E-03
-1.215000E+00,+1.472362E+00,+63.857E-03
-1.210000E+00,+1.472362E+00,+61.847E-03
-1.205000E+00,+1.472362E+00,+61.847E-03
-1.200000E+00,+1.472362E+00,+61.847E-03
-1.195000E+00,+1.442211E+00,+61.847E-03
-1.190000E+00,+1.512563E+00,+61.847E-03
-1.185000E+00,+1.472362E+00,+67.877E-03
-1.180000E+00,+1.512563E+00,+61.847E-03
-1.175000E+00,+1.502513E+00,+61.847E-03
-1.170000E+00,+1.492462E+00,+57.827E-03
-1.165000E+00,+1.512563E+00,+63.857E-03
-1.160000E+00,+1.472362E+00,+61.847E-03
-1.155000E+00,+1.512563E+00,+61.847E-03
-1.150000E+00,+1.512563E+00,+65.867E-03
-1.145000E+00,+1.522613E+00,+61.847E-03
-1.140000E+00,+1.512563E+00,+69.887E-03
-1.135000E+00,+1.512563E+00,+61.847E-03
-1.130000E+00,+1.572864E+00,+65.867E-03
-1.125000E+00,+1.552764E+00,+69.887E-03
-1.120000E+00,+1.512563E+00,+69.887E-03
-1.115000E+00,+1.542714E+00,+67.877E-03
-1.110000E+00,+1.552764E+00,+65.867E-03
-1.105000E+00,+1.552764E+00,+69.887E-03
-1.100000E+00,+1.552764E+00,+61.847E-03
-1.095000E+00,+1.592965E+00,+69.887E-03
-1.090000E+00,+1.552764E+00,+65.867E-03
-1.085000E+00,+1.592965E+00,+69.887E-03
-1.080000E+00,+1.552764E+00,+69.887E-03
-1.075000E+00,+1.582915E+00,+61.847E-03
-1.070000E+00,+1.592965E+00,+69.887E-03
-1.065000E+00,+1.633166E+00,+67.877E-03
-1.060000E+00,+1.633166E+00,+77.927E-03
-1.055000E+00,+1.592965E+00,+69.887E-03
-1.050000E+00,+1.613065E+00,+73.907E-03
-1.045000E+00,+1.603015E+00,+69.887E-03
-1.040000E+00,+1.592965E+00,+69.887E-03
-1.035000E+00,+1.592965E+00,+75.917E-03
-1.030000E+00,+1.633166E+00,+65.867E-03
-1.025000E+00,+1.633166E+00,+75.917E-03
-1.020000E+00,+1.673367E+00,+69.887E-03
-1.015000E+00,+1.633166E+00,+69.887E-03
-1.010000E+00,+1.613065E+00,+69.887E-03
-1.005000E+00,+1.633166E+00,+69.887E-03
-1.000000E+00,+1.633166E+00,+77.927E-03
-995.000E-03,+1.673367E+00,+73.907E-03
-990.000E-03,+1.653266E+00,+65.867E-03
-985.000E-03,+1.633166E+00,+77.927E-03
-980.000E-03,+1.633166E+00,+77.927E-03
-975.000E-03,+1.663317E+00,+69.887E-03
-970.000E-03,+1.653266E+00,+65.867E-03
-965.000E-03,+1.673367E+00,+75.917E-03
-960.000E-03,+1.673367E+00,+77.927E-03
-955.000E-03,+1.673367E+00,+77.927E-03
-950.000E-03,+1.693467E+00,+73.907E-03
-945.000E-03,+1.673367E+00,+79.937E-03
-940.000E-03,+1.713568E+00,+69.887E-03
-935.000E-03,+1.683417E+00,+71.897E-03
-930.000E-03,+1.713568E+00,+77.927E-03
-925.000E-03,+1.713568E+00,+77.927E-03
-920.000E-03,+1.713568E+00,+77.927E-03
-915.000E-03,+1.743719E+00,+77.927E-03
-910.000E-03,+1.693467E+00,+77.927E-03
-905.000E-03,+1.733668E+00,+83.957E-03
-900.000E-03,+1.753769E+00,+77.927E-03
-895.000E-03,+1.783920E+00,+77.927E-03
-890.000E-03,+1.753769E+00,+77.927E-03
-885.000E-03,+1.753769E+00,+83.957E-03
-880.000E-03,+1.793970E+00,+77.927E-03
-875.000E-03,+1.723618E+00,+77.927E-03
-870.000E-03,+1.773869E+00,+81.947E-03
-865.000E-03,+1.763819E+00,+77.927E-03
-860.000E-03,+1.793970E+00,+85.967E-03
-855.000E-03,+1.753769E+00,+79.937E-03
-850.000E-03,+1.773869E+00,+77.927E-03
-845.000E-03,+1.753769E+00,+79.937E-03
-840.000E-03,+1.753769E+00,+85.967E-03
-835.000E-03,+1.834171E+00,+85.967E-03
-830.000E-03,+1.793970E+00,+85.967E-03
-825.000E-03,+1.804020E+00,+79.937E-03
-820.000E-03,+1.753769E+00,+85.967E-03
-815.000E-03,+1.793970E+00,+83.957E-03
-810.000E-03,+1.793970E+00,+85.967E-03
-805.000E-03,+1.804020E+00,+85.967E-03
-800.000E-03,+1.834171E+00,+85.967E-03
-795.000E-03,+1.864322E+00,+81.947E-03
-790.000E-03,+1.834171E+00,+85.967E-03
-785.000E-03,+1.793970E+00,+85.967E-03
-780.000E-03,+1.834171E+00,+85.967E-03
-775.000E-03,+1.864322E+00,+85.967E-03
-770.000E-03,+1.854271E+00,+89.987E-03
-765.000E-03,+1.844221E+00,+94.008E-03
-760.000E-03,+1.874372E+00,+94.008E-03
-755.000E-03,+1.844221E+00,+85.967E-03
-750.000E-03,+1.854271E+00,+85.967E-03
-745.000E-03,+1.834171E+00,+89.987E-03
-740.000E-03,+1.874372E+00,+85.967E-03
-735.000E-03,+1.874372E+00,+85.967E-03
-730.000E-03,+1.874372E+00,+89.987E-03
-725.000E-03,+1.874372E+00,+85.967E-03
-720.000E-03,+1.874372E+00,+94.008E-03
-715.000E-03,+1.864322E+00,+91.997E-03
-710.000E-03,+1.874372E+00,+94.008E-03
-705.000E-03,+1.904523E+00,+94.008E-03
-700.000E-03,+1.914573E+00,+94.008E-03
-695.000E-03,+1.914573E+00,+87.977E-03
-690.000E-03,+1.894472E+00,+89.987E-03
-685.000E-03,+1.944724E+00,+94.008E-03
-680.000E-03,+1.914573E+00,+94.008E-03
-675.000E-03,+1.954774E+00,+87.977E-03
-670.000E-03,+1.934673E+00,+94.008E-03
-665.000E-03,+1.954774E+00,+94.008E-03
-660.000E-03,+1.954774E+00,+94.008E-03
-655.000E-03,+1.914573E+00,+94.008E-03
-650.000E-03,+1.954774E+00,+94.008E-03
-645.000E-03,+1.954774E+00,+100.038E-03
-640.000E-03,+1.954774E+00,+94.008E-03
-635.000E-03,+1.964824E+00,+94.008E-03
-630.000E-03,+1.994975E+00,+98.028E-03
-625.000E-03,+1.984925E+00,+100.038E-03
-620.000E-03,+1.954774E+00,+94.008E-03
-615.000E-03,+1.964824E+00,+100.038E-03
-610.000E-03,+2.015075E+00,+98.028E-03
-605.000E-03,+1.984925E+00,+102.048E-03
-600.000E-03,+1.994975E+00,+102.048E-03
-595.000E-03,+1.994975E+00,+100.038E-03
-590.000E-03,+1.994975E+00,+98.028E-03
-585.000E-03,+2.005025E+00,+102.048E-03
-580.000E-03,+1.994975E+00,+102.048E-03
-575.000E-03,+2.065327E+00,+108.078E-03
-570.000E-03,+2.035176E+00,+102.048E-03
-565.000E-03,+1.994975E+00,+102.048E-03
-560.000E-03,+2.035176E+00,+102.048E-03
-555.000E-03,+2.035176E+00,+102.048E-03
-550.000E-03,+2.035176E+00,+98.028E-03
-545.000E-03,+2.045226E+00,+102.048E-03
-540.000E-03,+2.075377E+00,+102.048E-03
-535.000E-03,+2.035176E+00,+102.048E-03
-530.000E-03,+2.075377E+00,+102.048E-03
-525.000E-03,+2.045226E+00,+102.048E-03
-520.000E-03,+2.075377E+00,+102.048E-03
-515.000E-03,+2.085427E+00,+104.058E-03
-510.000E-03,+2.095477E+00,+110.088E-03
-505.000E-03,+2.075377E+00,+108.078E-03
-500.000E-03,+2.075377E+00,+102.048E-03
-495.000E-03,+2.085427E+00,+104.058E-03
-490.000E-03,+2.075377E+00,+106.068E-03
-485.000E-03,+2.085427E+00,+110.088E-03
-480.000E-03,+2.115578E+00,+110.088E-03
-475.000E-03,+2.085427E+00,+108.078E-03
-470.000E-03,+2.075377E+00,+106.068E-03
-465.000E-03,+2.105528E+00,+110.088E-03
-460.000E-03,+2.075377E+00,+110.088E-03
-455.000E-03,+2.085427E+00,+104.058E-03
-450.000E-03,+2.115578E+00,+110.088E-03
-445.000E-03,+2.125628E+00,+110.088E-03
-440.000E-03,+2.115578E+00,+110.088E-03
-435.000E-03,+2.125628E+00,+110.088E-03
-430.000E-03,+2.115578E+00,+110.088E-03
-425.000E-03,+2.155779E+00,+110.088E-03
-420.000E-03,+2.115578E+00,+110.088E-03
-415.000E-03,+2.155779E+00,+116.118E-03
-410.000E-03,+2.135678E+00,+110.088E-03
-405.000E-03,+2.155779E+00,+110.088E-03
-400.000E-03,+2.155779E+00,+110.088E-03
-395.000E-03,+2.155779E+00,+108.078E-03
-390.000E-03,+2.135678E+00,+110.088E-03
-385.000E-03,+2.165829E+00,+116.118E-03
-380.000E-03,+2.155779E+00,+118.128E-03
-375.000E-03,+2.195980E+00,+118.128E-03
-370.000E-03,+2.195980E+00,+114.108E-03
-365.000E-03,+2.195980E+00,+112.098E-03
-360.000E-03,+2.155779E+00,+110.088E-03
-355.000E-03,+2.195980E+00,+118.128E-03
-350.000E-03,+2.195980E+00,+118.128E-03
-345.000E-03,+2.236181E+00,+124.158E-03
-340.000E-03,+2.195980E+00,+118.128E-03
-335.000E-03,+2.195980E+00,+124.158E-03
-330.000E-03,+2.216080E+00,+118.128E-03
-325.000E-03,+2.236181E+00,+124.158E-03
-320.000E-03,+2.236181E+00,+118.128E-03
-315.000E-03,+2.236181E+00,+118.128E-03
-310.000E-03,+2.256281E+00,+122.148E-03
-305.000E-03,+2.246231E+00,+118.128E-03
-300.000E-03,+2.236181E+00,+118.128E-03
-295.000E-03,+2.236181E+00,+118.128E-03
-290.000E-03,+2.296482E+00,+126.168E-03
-285.000E-03,+2.276382E+00,+126.168E-03
-280.000E-03,+2.236181E+00,+118.128E-03
-275.000E-03,+2.276382E+00,+124.158E-03
-270.000E-03,+2.296482E+00,+126.168E-03
-265.000E-03,+2.276382E+00,+120.138E-03
-260.000E-03,+2.316583E+00,+126.168E-03
-255.000E-03,+2.306533E+00,+128.178E-03
-250.000E-03,+2.276382E+00,+126.168E-03
-245.000E-03,+2.286432E+00,+128.178E-03
-240.000E-03,+2.276382E+00,+118.128E-03
-235.000E-03,+2.316583E+00,+126.168E-03
-230.000E-03,+2.316583E+00,+126.168E-03
-225.000E-03,+2.316583E+00,+134.209E-03
-220.000E-03,+2.316583E+00,+134.209E-03
-215.000E-03,+2.326633E+00,+126.168E-03
-210.000E-03,+2.316583E+00,+126.168E-03
-205.000E-03,+2.316583E+00,+128.178E-03
-200.000E-03,+2.316583E+00,+126.168E-03
-195.000E-03,+2.316583E+00,+128.178E-03
-190.000E-03,+2.356784E+00,+134.209E-03
-185.000E-03,+2.356784E+00,+134.209E-03
-180.000E-03,+2.356784E+00,+134.209E-03
-175.000E-03,+2.326633E+00,+134.209E-03
-170.000E-03,+2.336683E+00,+134.209E-03
-165.000E-03,+2.356784E+00,+132.198E-03
-160.000E-03,+2.396985E+00,+134.209E-03
-155.000E-03,+2.396985E+00,+140.239E-03
-150.000E-03,+2.376884E+00,+138.229E-03
-145.000E-03,+2.386935E+00,+140.239E-03
-140.000E-03,+2.396985E+00,+134.209E-03
-135.000E-03,+2.366834E+00,+136.219E-03
-130.000E-03,+2.396985E+00,+138.229E-03
-125.000E-03,+2.427136E+00,+142.249E-03
-120.000E-03,+2.437186E+00,+142.249E-03
-115.000E-03,+2.396985E+00,+142.249E-03
-110.000E-03,+2.396985E+00,+142.249E-03
-105.000E-03,+2.407035E+00,+142.249E-03
-100.000E-03,+2.396985E+00,+142.249E-03
-95.000E-03,+2.427136E+00,+142.249E-03
-90.000E-03,+2.437186E+00,+142.249E-03
-85.000E-03,+2.437186E+00,+142.249E-03
-80.000E-03,+2.437186E+00,+142.249E-03
-75.000E-03,+2.437186E+00,+144.259E-03
-70.000E-03,+2.457286E+00,+142.249E-03
-65.000E-03,+2.437186E+00,+142.249E-03
-60.000E-03,+2.477387E+00,+142.249E-03
-55.000E-03,+2.477387E+00,+144.259E-03
-50.000E-03,+2.477387E+00,+146.269E-03
-45.000E-03,+2.447236E+00,+150.289E-03
-40.000E-03,+2.477387E+00,+150.289E-03
-35.000E-03,+2.467337E+00,+144.259E-03
-30.000E-03,+2.477387E+00,+150.289E-03
-25.000E-03,+2.487437E+00,+150.289E-03
-20.000E-03,+2.517588E+00,+158.329E-03
-15.000E-03,+2.517588E+00,+150.289E-03
-10.000E-03,+2.517588E+00,+142.249E-03
-5.000E-03,+2.477387E+00,+150.289E-03
-0.0E+00,+2.517588E+00,+158.329E-03
+5.000E-03,+2.487437E+00,+158.329E-03
+10.000E-03,+2.537688E+00,+154.309E-03
+15.000E-03,+2.517588E+00,+150.289E-03
+20.000E-03,+2.517588E+00,+158.329E-03
+25.000E-03,+2.547739E+00,+156.319E-03
+30.000E-03,+2.517588E+00,+150.289E-03
+35.000E-03,+2.527638E+00,+156.319E-03
+40.000E-03,+2.557789E+00,+158.329E-03
+45.000E-03,+2.527638E+00,+158.329E-03
+50.000E-03,+2.557789E+00,+158.329E-03
+55.000E-03,+2.557789E+00,+158.329E-03
+60.000E-03,+2.557789E+00,+150.289E-03
+65.000E-03,+2.557789E+00,+158.329E-03
+70.000E-03,+2.557789E+00,+162.349E-03
+75.000E-03,+2.587940E+00,+158.329E-03
+80.000E-03,+2.557789E+00,+166.369E-03
+85.000E-03,+2.597990E+00,+158.329E-03
+90.000E-03,+2.557789E+00,+162.349E-03
+95.000E-03,+2.567839E+00,+164.359E-03
+100.000E-03,+2.597990E+00,+166.369E-03
+105.000E-03,+2.597990E+00,+164.359E-03
+110.000E-03,+2.577889E+00,+166.369E-03
+115.000E-03,+2.597990E+00,+164.359E-03
+120.000E-03,+2.597990E+00,+166.369E-03
+125.000E-03,+2.597990E+00,+166.369E-03
+130.000E-03,+2.638191E+00,+166.369E-03
+135.000E-03,+2.638191E+00,+172.399E-03
+140.000E-03,+2.638191E+00,+166.369E-03
+145.000E-03,+2.608040E+00,+172.399E-03
+150.000E-03,+2.638191E+00,+166.369E-03
+155.000E-03,+2.638191E+00,+166.369E-03
+160.000E-03,+2.678392E+00,+174.410E-03
+165.000E-03,+2.648241E+00,+174.410E-03
+170.000E-03,+2.678392E+00,+170.389E-03
+175.000E-03,+2.648241E+00,+176.420E-03
+180.000E-03,+2.678392E+00,+174.410E-03
+185.000E-03,+2.668342E+00,+174.410E-03
+190.000E-03,+2.658291E+00,+174.410E-03
+195.000E-03,+2.718593E+00,+174.410E-03
+200.000E-03,+2.678392E+00,+174.410E-03
+205.000E-03,+2.678392E+00,+174.410E-03
+210.000E-03,+2.678392E+00,+178.430E-03
+215.000E-03,+2.678392E+00,+174.410E-03
+220.000E-03,+2.718593E+00,+182.450E-03
+225.000E-03,+2.718593E+00,+188.480E-03
+230.000E-03,+2.718593E+00,+182.450E-03
+235.000E-03,+2.748744E+00,+182.450E-03
+240.000E-03,+2.718593E+00,+182.450E-03
+245.000E-03,+2.708543E+00,+182.450E-03
+250.000E-03,+2.738693E+00,+186.470E-03
+255.000E-03,+2.758794E+00,+190.490E-03
+260.000E-03,+2.758794E+00,+190.490E-03
+265.000E-03,+2.758794E+00,+184.460E-03
+270.000E-03,+2.758794E+00,+182.450E-03
+275.000E-03,+2.758794E+00,+190.490E-03
+280.000E-03,+2.758794E+00,+190.490E-03
+285.000E-03,+2.748744E+00,+190.490E-03
+290.000E-03,+2.758794E+00,+190.490E-03
+295.000E-03,+2.768844E+00,+196.520E-03
+300.000E-03,+2.758794E+00,+198.530E-03
+305.000E-03,+2.768844E+00,+198.530E-03
+310.000E-03,+2.758794E+00,+190.490E-03
+315.000E-03,+2.768844E+00,+190.490E-03
+320.000E-03,+2.798995E+00,+198.530E-03
+325.000E-03,+2.798995E+00,+198.530E-03
+330.000E-03,+2.798995E+00,+198.530E-03
+335.000E-03,+2.768844E+00,+198.530E-03
+340.000E-03,+2.798995E+00,+198.530E-03
+345.000E-03,+2.798995E+00,+198.530E-03
+350.000E-03,+2.798995E+00,+198.530E-03
+355.000E-03,+2.839196E+00,+206.570E-03
+360.000E-03,+2.839196E+00,+206.570E-03
+365.000E-03,+2.839196E+00,+206.570E-03
+370.000E-03,+2.819095E+00,+202.550E-03
+375.000E-03,+2.798995E+00,+204.560E-03
+380.000E-03,+2.798995E+00,+206.570E-03
+385.000E-03,+2.798995E+00,+206.570E-03
+390.000E-03,+2.859296E+00,+210.590E-03
+395.000E-03,+2.879397E+00,+208.580E-03
+400.000E-03,+2.839196E+00,+206.570E-03
+405.000E-03,+2.839196E+00,+206.570E-03
+410.000E-03,+2.839196E+00,+210.590E-03
+415.000E-03,+2.849246E+00,+208.580E-03
+420.000E-03,+2.879397E+00,+214.611E-03
+425.000E-03,+2.879397E+00,+214.611E-03
+430.000E-03,+2.899497E+00,+210.590E-03
+435.000E-03,+2.869347E+00,+212.600E-03
+440.000E-03,+2.879397E+00,+214.611E-03
+445.000E-03,+2.879397E+00,+212.600E-03
+450.000E-03,+2.879397E+00,+210.590E-03
+455.000E-03,+2.919598E+00,+222.651E-03
+460.000E-03,+2.919598E+00,+222.651E-03
+465.000E-03,+2.919598E+00,+222.651E-03
+470.000E-03,+2.899497E+00,+222.651E-03
+475.000E-03,+2.919598E+00,+222.651E-03
+480.000E-03,+2.919598E+00,+222.651E-03
+485.000E-03,+2.929648E+00,+228.681E-03
+490.000E-03,+2.959799E+00,+230.691E-03
+495.000E-03,+2.959799E+00,+230.691E-03
+500.000E-03,+2.959799E+00,+230.691E-03
+505.000E-03,+2.959799E+00,+224.661E-03
+510.000E-03,+2.939698E+00,+230.691E-03
+515.000E-03,+2.929648E+00,+222.651E-03
+520.000E-03,+3.000000E+00,+238.731E-03
+525.000E-03,+2.959799E+00,+230.691E-03
+530.000E-03,+2.959799E+00,+238.731E-03
+535.000E-03,+2.959799E+00,+236.721E-03
+540.000E-03,+2.959799E+00,+230.691E-03
+545.000E-03,+2.959799E+00,+236.721E-03
+550.000E-03,+2.979899E+00,+238.731E-03
+555.000E-03,+3.000000E+00,+238.731E-03
+560.000E-03,+3.000000E+00,+246.771E-03
+565.000E-03,+2.989950E+00,+240.741E-03
+570.000E-03,+3.000000E+00,+242.751E-03
+575.000E-03,+3.000000E+00,+244.761E-03
+580.000E-03,+3.000000E+00,+254.812E-03
+585.000E-03,+3.000000E+00,+248.781E-03
+590.000E-03,+3.040201E+00,+250.791E-03
+595.000E-03,+3.040201E+00,+252.801E-03
+600.000E-03,+3.040201E+00,+254.812E-03
+605.000E-03,+3.030151E+00,+246.771E-03
+610.000E-03,+3.040201E+00,+254.812E-03
+615.000E-03,+3.040201E+00,+250.791E-03
+620.000E-03,+3.040201E+00,+254.812E-03
+625.000E-03,+3.080402E+00,+254.812E-03
+630.000E-03,+3.040201E+00,+262.852E-03
+635.000E-03,+3.040201E+00,+254.812E-03
+640.000E-03,+3.040201E+00,+262.852E-03
+645.000E-03,+3.080402E+00,+264.862E-03
+650.000E-03,+3.080402E+00,+262.852E-03
+655.000E-03,+3.080402E+00,+268.882E-03
+660.000E-03,+3.080402E+00,+262.852E-03
+665.000E-03,+3.070352E+00,+262.852E-03
+670.000E-03,+3.080402E+00,+266.872E-03
+675.000E-03,+3.080402E+00,+264.862E-03
+680.000E-03,+3.080402E+00,+270.892E-03
+685.000E-03,+3.120603E+00,+276.922E-03
+690.000E-03,+3.120603E+00,+278.932E-03
+695.000E-03,+3.120603E+00,+270.892E-03
+700.000E-03,+3.120603E+00,+278.932E-03
+705.000E-03,+3.120603E+00,+270.892E-03
+710.000E-03,+3.140704E+00,+282.952E-03
+715.000E-03,+3.130653E+00,+290.992E-03
+720.000E-03,+3.160804E+00,+286.972E-03
+725.000E-03,+3.160804E+00,+284.962E-03
+730.000E-03,+3.140704E+00,+282.952E-03
+735.000E-03,+3.120603E+00,+284.962E-03
+740.000E-03,+3.120603E+00,+286.972E-03
+745.000E-03,+3.190955E+00,+295.013E-03
+750.000E-03,+3.160804E+00,+299.033E-03
+755.000E-03,+3.160804E+00,+295.013E-03
+760.000E-03,+3.201005E+00,+295.013E-03
+765.000E-03,+3.201005E+00,+295.013E-03
+770.000E-03,+3.201005E+00,+303.053E-03
+775.000E-03,+3.170854E+00,+303.053E-03
+780.000E-03,+3.201005E+00,+303.053E-03
+785.000E-03,+3.201005E+00,+303.053E-03
+790.000E-03,+3.221106E+00,+307.073E-03
+795.000E-03,+3.201005E+00,+303.053E-03
+800.000E-03,+3.201005E+00,+303.053E-03
+805.000E-03,+3.241206E+00,+317.123E-03
+810.000E-03,+3.201005E+00,+319.133E-03
+815.000E-03,+3.231156E+00,+319.133E-03
+820.000E-03,+3.241206E+00,+319.133E-03
+825.000E-03,+3.241206E+00,+319.133E-03
+830.000E-03,+3.241206E+00,+311.093E-03
+835.000E-03,+3.211055E+00,+325.163E-03
+840.000E-03,+3.281407E+00,+327.173E-03
+845.000E-03,+3.241206E+00,+327.173E-03
+850.000E-03,+3.241206E+00,+331.193E-03
+855.000E-03,+3.251256E+00,+329.183E-03
+860.000E-03,+3.241206E+00,+327.173E-03
+865.000E-03,+3.241206E+00,+327.173E-03
+870.000E-03,+3.281407E+00,+343.254E-03
+875.000E-03,+3.281407E+00,+343.254E-03
+880.000E-03,+3.281407E+00,+335.214E-03
+885.000E-03,+3.291457E+00,+341.244E-03
+890.000E-03,+3.301508E+00,+343.254E-03
+895.000E-03,+3.281407E+00,+343.254E-03
+900.000E-03,+3.281407E+00,+335.214E-03
+905.000E-03,+3.321608E+00,+353.304E-03
+910.000E-03,+3.361809E+00,+363.354E-03
+915.000E-03,+3.321608E+00,+357.324E-03
+920.000E-03,+3.321608E+00,+359.334E-03
+925.000E-03,+3.321608E+00,+353.304E-03
+930.000E-03,+3.321608E+00,+359.334E-03
+935.000E-03,+3.321608E+00,+367.374E-03
+940.000E-03,+3.361809E+00,+375.415E-03
+945.000E-03,+3.361809E+00,+367.374E-03
+950.000E-03,+3.341709E+00,+371.394E-03
+955.000E-03,+3.351759E+00,+367.374E-03
+960.000E-03,+3.361809E+00,+375.415E-03
+965.000E-03,+3.391960E+00,+373.404E-03
+970.000E-03,+3.402010E+00,+383.455E-03
+975.000E-03,+3.402010E+00,+391.495E-03
+980.000E-03,+3.361809E+00,+383.455E-03
+985.000E-03,+3.391960E+00,+383.455E-03
+990.000E-03,+3.361809E+00,+379.435E-03
+995.000E-03,+3.402010E+00,+383.455E-03
+1.000000E+00,+3.442211E+00,+407.575E-03
+1.005000E+00,+3.402010E+00,+399.535E-03
+1.010000E+00,+3.422111E+00,+403.555E-03
+1.015000E+00,+3.432161E+00,+399.535E-03
+1.020000E+00,+3.402010E+00,+399.535E-03
+1.025000E+00,+3.402010E+00,+399.535E-03
+1.030000E+00,+3.402010E+00,+403.555E-03
+1.035000E+00,+3.472362E+00,+415.616E-03
+1.040000E+00,+3.442211E+00,+423.656E-03
+1.045000E+00,+3.432161E+00,+419.636E-03
+1.050000E+00,+3.462312E+00,+419.636E-03
+1.055000E+00,+3.442211E+00,+421.646E-03
+1.060000E+00,+3.402010E+00,+407.575E-03
+1.065000E+00,+3.412060E+00,+421.646E-03
+1.070000E+00,+3.442211E+00,+431.696E-03
+1.075000E+00,+3.482412E+00,+433.706E-03
+1.080000E+00,+3.482412E+00,+431.696E-03
+1.085000E+00,+3.452261E+00,+437.726E-03
+1.090000E+00,+3.462312E+00,+427.676E-03
+1.095000E+00,+3.472362E+00,+455.817E-03
+1.100000E+00,+3.482412E+00,+447.776E-03
+1.105000E+00,+3.482412E+00,+447.776E-03
+1.110000E+00,+3.482412E+00,+451.796E-03
+1.115000E+00,+3.512563E+00,+447.776E-03
+1.120000E+00,+3.482412E+00,+447.776E-03
+1.125000E+00,+3.522613E+00,+447.776E-03
+1.130000E+00,+3.502513E+00,+467.877E-03
+1.135000E+00,+3.512563E+00,+471.897E-03
+1.140000E+00,+3.522613E+00,+471.897E-03
+1.145000E+00,+3.522613E+00,+465.867E-03
+1.150000E+00,+3.522613E+00,+471.897E-03
+1.155000E+00,+3.522613E+00,+465.867E-03
+1.160000E+00,+3.562814E+00,+487.977E-03
+1.165000E+00,+3.552764E+00,+487.977E-03
+1.170000E+00,+3.542714E+00,+487.977E-03
+1.175000E+00,+3.562814E+00,+487.977E-03
+1.180000E+00,+3.522613E+00,+487.977E-03
+1.185000E+00,+3.592965E+00,+487.977E-03
+1.190000E+00,+3.542714E+00,+496.018E-03
+1.195000E+00,+3.572864E+00,+512.098E-03
+1.200000E+00,+3.562814E+00,+512.098E-03
+1.205000E+00,+3.592965E+00,+510.088E-03
+1.210000E+00,+3.603015E+00,+512.098E-03
+1.215000E+00,+3.562814E+00,+512.098E-03
+1.220000E+00,+3.562814E+00,+504.058E-03
+1.225000E+00,+3.633166E+00,+534.209E-03
+1.230000E+00,+3.623116E+00,+528.178E-03
+1.235000E+00,+3.643216E+00,+528.178E-03
+1.240000E+00,+3.603015E+00,+528.178E-03
+1.245000E+00,+3.603015E+00,+528.178E-03
+1.250000E+00,+3.603015E+00,+536.219E-03
+1.255000E+00,+3.633166E+00,+530.188E-03
+1.260000E+00,+3.643216E+00,+552.299E-03
+1.265000E+00,+3.643216E+00,+552.299E-03
+1.270000E+00,+3.623116E+00,+552.299E-03
+1.275000E+00,+3.643216E+00,+558.329E-03
+1.280000E+00,+3.643216E+00,+552.299E-03
+1.285000E+00,+3.683417E+00,+552.299E-03
+1.290000E+00,+3.663317E+00,+552.299E-03
+1.295000E+00,+3.673367E+00,+582.450E-03
+1.300000E+00,+3.683417E+00,+576.420E-03
+1.305000E+00,+3.693467E+00,+570.389E-03
+1.310000E+00,+3.683417E+00,+580.440E-03
+1.315000E+00,+3.683417E+00,+572.399E-03
+1.320000E+00,+3.683417E+00,+576.420E-03
+1.325000E+00,+3.723618E+00,+598.530E-03
+1.330000E+00,+3.703518E+00,+596.520E-03
+1.335000E+00,+3.723618E+00,+600.540E-03
+1.340000E+00,+3.723618E+00,+600.540E-03
+1.345000E+00,+3.683417E+00,+594.510E-03
+1.350000E+00,+3.723618E+00,+596.520E-03
+1.355000E+00,+3.733668E+00,+618.631E-03
+1.360000E+00,+3.723618E+00,+624.661E-03
+1.365000E+00,+3.753769E+00,+618.631E-03
+1.370000E+00,+3.743719E+00,+620.641E-03
+1.375000E+00,+3.723618E+00,+622.651E-03
+1.380000E+00,+3.723618E+00,+624.661E-03
+1.385000E+00,+3.733668E+00,+618.631E-03
+1.390000E+00,+3.783920E+00,+648.781E-03
+1.395000E+00,+3.763819E+00,+654.812E-03
+1.400000E+00,+3.804020E+00,+640.741E-03
+1.405000E+00,+3.763819E+00,+648.781E-03
+1.410000E+00,+3.763819E+00,+644.761E-03
+1.415000E+00,+3.773869E+00,+642.751E-03
+1.420000E+00,+3.804020E+00,+664.862E-03
+1.425000E+00,+3.773869E+00,+666.872E-03
+1.430000E+00,+3.804020E+00,+676.922E-03
+1.435000E+00,+3.804020E+00,+664.862E-03
+1.440000E+00,+3.844221E+00,+664.862E-03
+1.445000E+00,+3.804020E+00,+672.902E-03
+1.450000E+00,+3.844221E+00,+697.023E-03
+1.455000E+00,+3.844221E+00,+695.013E-03
+1.460000E+00,+3.804020E+00,+697.023E-03
+1.465000E+00,+3.844221E+00,+703.053E-03
+1.470000E+00,+3.824121E+00,+705.063E-03
+1.475000E+00,+3.844221E+00,+705.063E-03
+1.480000E+00,+3.844221E+00,+697.023E-03
+1.485000E+00,+3.884422E+00,+727.173E-03
+1.490000E+00,+3.884422E+00,+721.143E-03
+1.495000E+00,+3.874372E+00,+721.143E-03
+1.500000E+00,+3.884422E+00,+729.183E-03
+1.505000E+00,+3.854271E+00,+723.153E-03
+1.510000E+00,+3.844221E+00,+725.163E-03
+1.515000E+00,+3.914573E+00,+753.304E-03
+1.520000E+00,+3.884422E+00,+745.264E-03
+1.525000E+00,+3.894472E+00,+745.264E-03
+1.530000E+00,+3.904523E+00,+749.284E-03
+1.535000E+00,+3.914573E+00,+751.294E-03
+1.540000E+00,+3.924623E+00,+753.304E-03
+1.545000E+00,+3.894472E+00,+753.304E-03
+1.550000E+00,+3.924623E+00,+777.425E-03
+1.555000E+00,+3.924623E+00,+777.425E-03
+1.560000E+00,+3.924623E+00,+777.425E-03
+1.565000E+00,+3.934673E+00,+773.404E-03
+1.570000E+00,+3.924623E+00,+773.404E-03
+1.575000E+00,+3.934673E+00,+777.425E-03
+1.580000E+00,+3.964824E+00,+769.384E-03
+1.585000E+00,+3.964824E+00,+801.545E-03
+1.590000E+00,+3.964824E+00,+801.545E-03
+1.595000E+00,+3.934673E+00,+801.545E-03
+1.600000E+00,+3.964824E+00,+801.545E-03
+1.605000E+00,+3.964824E+00,+793.505E-03
+1.610000E+00,+3.944724E+00,+797.525E-03
+1.615000E+00,+3.974874E+00,+825.666E-03
+1.620000E+00,+4.005025E+00,+825.666E-03
+1.625000E+00,+3.994975E+00,+825.666E-03
+1.630000E+00,+3.964824E+00,+821.646E-03
+1.635000E+00,+4.005025E+00,+823.656E-03
+1.640000E+00,+4.005025E+00,+833.706E-03
+1.645000E+00,+3.994975E+00,+827.676E-03
+1.650000E+00,+4.005025E+00,+853.807E-03
+1.655000E+00,+4.035176E+00,+857.827E-03
+1.660000E+00,+4.005025E+00,+857.827E-03
+1.665000E+00,+4.005025E+00,+851.796E-03
+1.670000E+00,+4.025126E+00,+845.766E-03
+1.675000E+00,+4.045226E+00,+881.947E-03
+1.680000E+00,+4.045226E+00,+889.987E-03
+1.685000E+00,+4.075377E+00,+883.957E-03
+1.690000E+00,+4.065327E+00,+877.927E-03
+1.695000E+00,+4.045226E+00,+889.987E-03
+1.700000E+00,+4.085427E+00,+881.947E-03
+1.705000E+00,+4.045226E+00,+881.947E-03
+1.710000E+00,+4.065327E+00,+910.088E-03
+1.715000E+00,+4.045226E+00,+914.108E-03
+1.720000E+00,+4.085427E+00,+906.068E-03
+1.725000E+00,+4.085427E+00,+906.068E-03
+1.730000E+00,+4.085427E+00,+910.088E-03
+1.735000E+00,+4.085427E+00,+906.068E-03
+1.740000E+00,+4.085427E+00,+938.229E-03
+1.745000E+00,+4.115578E+00,+946.269E-03
+1.750000E+00,+4.085427E+00,+938.229E-03
+1.755000E+00,+4.125628E+00,+938.229E-03
+1.760000E+00,+4.125628E+00,+938.229E-03
+1.765000E+00,+4.125628E+00,+932.198E-03
+1.770000E+00,+4.105528E+00,+938.229E-03
+1.775000E+00,+4.115578E+00,+962.349E-03
+1.780000E+00,+4.125628E+00,+954.309E-03
+1.785000E+00,+4.135678E+00,+960.339E-03
+1.790000E+00,+4.185930E+00,+962.349E-03
+1.795000E+00,+4.155779E+00,+964.359E-03
+1.800000E+00,+4.125628E+00,+962.349E-03
+1.805000E+00,+4.135678E+00,+962.349E-03
+1.810000E+00,+4.185930E+00,+994.510E-03
+1.815000E+00,+4.185930E+00,+996.520E-03
+1.820000E+00,+4.206030E+00,+986.470E-03
+1.825000E+00,+4.165829E+00,+992.500E-03
+1.830000E+00,+4.206030E+00,+994.510E-03
+1.835000E+00,+4.206030E+00,+994.510E-03
+1.840000E+00,+4.246231E+00,+1.018631E+00
+1.845000E+00,+4.206030E+00,+1.024661E+00
+1.850000E+00,+4.206030E+00,+1.014611E+00
+1.855000E+00,+4.216080E+00,+1.012600E+00
+1.860000E+00,+4.165829E+00,+1.018631E+00
+1.865000E+00,+4.206030E+00,+1.020641E+00
+1.870000E+00,+4.206030E+00,+1.022651E+00
+1.875000E+00,+4.246231E+00,+1.042751E+00
+1.880000E+00,+4.246231E+00,+1.050791E+00
+1.885000E+00,+4.276382E+00,+1.042751E+00
+1.890000E+00,+4.246231E+00,+1.042751E+00
+1.895000E+00,+4.246231E+00,+1.048781E+00
+1.900000E+00,+4.286432E+00,+1.074912E+00
+1.905000E+00,+4.286432E+00,+1.080942E+00
+1.910000E+00,+4.286432E+00,+1.078932E+00
+1.915000E+00,+4.286432E+00,+1.082952E+00
+1.920000E+00,+4.246231E+00,+1.074912E+00
+1.925000E+00,+4.286432E+00,+1.074912E+00
+1.930000E+00,+4.266332E+00,+1.078932E+00
+1.935000E+00,+4.316583E+00,+1.103053E+00
+1.940000E+00,+4.326633E+00,+1.107073E+00
+1.945000E+00,+4.316583E+00,+1.101043E+00
+1.950000E+00,+4.286432E+00,+1.111093E+00
+1.955000E+00,+4.296482E+00,+1.101043E+00
+1.960000E+00,+4.286432E+00,+1.099033E+00
+1.965000E+00,+4.326633E+00,+1.099033E+00
+1.970000E+00,+4.326633E+00,+1.131193E+00
+1.975000E+00,+4.356784E+00,+1.131193E+00
+1.980000E+00,+4.366834E+00,+1.139234E+00
+1.985000E+00,+4.326633E+00,+1.137224E+00
+1.990000E+00,+4.346734E+00,+1.135214E+00
+1.995000E+00,+4.356784E+00,+1.139234E+00
+2.000000E+00,+4.366834E+00,+1.155314E+00
+2.005000E+00,+4.366834E+00,+1.163354E+00
+2.010000E+00,+4.386935E+00,+1.167374E+00
+2.015000E+00,+4.396985E+00,+1.167374E+00
+2.020000E+00,+4.407035E+00,+1.155314E+00
+2.025000E+00,+4.336683E+00,+1.137224E+00
+2.030000E+00,+4.326633E+00,+1.135214E+00
+2.035000E+00,+4.336683E+00,+1.131193E+00
+2.040000E+00,+4.326633E+00,+1.139234E+00
+2.045000E+00,+4.396985E+00,+1.139234E+00
+2.050000E+00,+4.346734E+00,+1.131193E+00
+2.055000E+00,+4.296482E+00,+1.093002E+00
+2.060000E+00,+4.286432E+00,+1.107073E+00
+2.065000E+00,+4.296482E+00,+1.103053E+00
+2.070000E+00,+4.306533E+00,+1.107073E+00
+2.075000E+00,+4.296482E+00,+1.107073E+00
+2.080000E+00,+4.286432E+00,+1.107073E+00
+2.085000E+00,+4.316583E+00,+1.099033E+00
+2.090000E+00,+4.286432E+00,+1.074912E+00
+2.095000E+00,+4.256281E+00,+1.072902E+00
+2.100000E+00,+4.286432E+00,+1.074912E+00
+2.105000E+00,+4.256281E+00,+1.068882E+00
+2.110000E+00,+4.266332E+00,+1.074912E+00
+2.115000E+00,+4.276382E+00,+1.068882E+00
+2.120000E+00,+4.246231E+00,+1.050791E+00
+2.125000E+00,+4.286432E+00,+1.050791E+00
+2.130000E+00,+4.266332E+00,+1.058832E+00
+2.135000E+00,+4.236181E+00,+1.040741E+00
+2.140000E+00,+4.246231E+00,+1.050791E+00
+2.145000E+00,+4.246231E+00,+1.044761E+00
+2.150000E+00,+4.206030E+00,+1.014611E+00
+2.155000E+00,+4.206030E+00,+1.020641E+00
+2.160000E+00,+4.206030E+00,+1.018631E+00
+2.165000E+00,+4.175879E+00,+1.024661E+00
+2.170000E+00,+4.226131E+00,+1.018631E+00
+2.175000E+00,+4.206030E+00,+1.016621E+00
+2.180000E+00,+4.206030E+00,+1.018631E+00
+2.185000E+00,+4.165829E+00,+986.470E-03
+2.190000E+00,+4.185930E+00,+986.470E-03
+2.195000E+00,+4.206030E+00,+984.460E-03
+2.200000E+00,+4.206030E+00,+986.470E-03
+2.205000E+00,+4.165829E+00,+986.470E-03
+2.210000E+00,+4.206030E+00,+994.510E-03
+2.215000E+00,+4.135678E+00,+968.379E-03
+2.220000E+00,+4.165829E+00,+962.349E-03
+2.225000E+00,+4.125628E+00,+962.349E-03
+2.230000E+00,+4.145729E+00,+962.349E-03
+2.235000E+00,+4.155779E+00,+960.339E-03
+2.240000E+00,+4.125628E+00,+962.349E-03
+2.245000E+00,+4.165829E+00,+960.339E-03
+2.250000E+00,+4.105528E+00,+930.188E-03
+2.255000E+00,+4.085427E+00,+932.198E-03
+2.260000E+00,+4.085427E+00,+930.188E-03
+2.265000E+00,+4.125628E+00,+938.229E-03
+2.270000E+00,+4.125628E+00,+930.188E-03
+2.275000E+00,+4.115578E+00,+928.178E-03
+2.280000E+00,+4.085427E+00,+898.028E-03
+2.285000E+00,+4.085427E+00,+906.068E-03
+2.290000E+00,+4.085427E+00,+906.068E-03
+2.295000E+00,+4.045226E+00,+898.028E-03
+2.300000E+00,+4.085427E+00,+906.068E-03
+2.305000E+00,+4.095477E+00,+900.038E-03
+2.310000E+00,+4.065327E+00,+906.068E-03
+2.315000E+00,+4.075377E+00,+873.907E-03
+2.320000E+00,+4.045226E+00,+881.947E-03
+2.325000E+00,+4.045226E+00,+875.917E-03
+2.330000E+00,+4.065327E+00,+873.907E-03
+2.335000E+00,+4.045226E+00,+873.907E-03
+2.340000E+00,+4.045226E+00,+873.907E-03
+2.345000E+00,+4.045226E+00,+873.907E-03
+2.350000E+00,+4.025126E+00,+845.766E-03
+2.355000E+00,+4.005025E+00,+855.817E-03
+2.360000E+00,+4.005025E+00,+841.746E-03
+2.365000E+00,+4.005025E+00,+849.786E-03
+2.370000E+00,+4.005025E+00,+849.786E-03
+2.375000E+00,+3.994975E+00,+823.656E-03
+2.380000E+00,+4.005025E+00,+825.666E-03
+2.385000E+00,+4.005025E+00,+823.656E-03
+2.390000E+00,+3.984925E+00,+825.666E-03
+2.395000E+00,+3.964824E+00,+829.686E-03
+2.400000E+00,+4.005025E+00,+825.666E-03
+2.405000E+00,+4.005025E+00,+823.656E-03
+2.410000E+00,+3.964824E+00,+793.505E-03
+2.415000E+00,+3.964824E+00,+793.505E-03
+2.420000E+00,+3.964824E+00,+793.505E-03
+2.425000E+00,+3.934673E+00,+795.515E-03
+2.430000E+00,+3.964824E+00,+793.505E-03
+2.435000E+00,+3.934673E+00,+793.505E-03
+2.440000E+00,+3.964824E+00,+769.384E-03
+2.445000E+00,+3.954774E+00,+771.394E-03
+2.450000E+00,+3.924623E+00,+773.404E-03
+2.455000E+00,+3.954774E+00,+775.415E-03
+2.460000E+00,+3.924623E+00,+777.425E-03
+2.465000E+00,+3.924623E+00,+769.384E-03
+2.470000E+00,+3.944724E+00,+769.384E-03
+2.475000E+00,+3.924623E+00,+745.264E-03
+2.480000E+00,+3.924623E+00,+745.264E-03
+2.485000E+00,+3.854271E+00,+743.254E-03
+2.490000E+00,+3.904523E+00,+745.264E-03
+2.495000E+00,+3.894472E+00,+743.254E-03
+2.500000E+00,+3.884422E+00,+745.264E-03
+2.505000E+00,+3.884422E+00,+745.264E-03
+2.510000E+00,+3.884422E+00,+721.143E-03
+2.515000E+00,+3.874372E+00,+719.133E-03
+2.520000E+00,+3.884422E+00,+721.143E-03
+2.525000E+00,+3.854271E+00,+713.103E-03
+2.530000E+00,+3.884422E+00,+721.143E-03
+2.535000E+00,+3.884422E+00,+721.143E-03
+2.540000E+00,+3.804020E+00,+688.982E-03
+2.545000E+00,+3.844221E+00,+690.992E-03
+2.550000E+00,+3.824121E+00,+693.002E-03
+2.555000E+00,+3.844221E+00,+688.982E-03
+2.560000E+00,+3.844221E+00,+688.982E-03
+2.565000E+00,+3.854271E+00,+695.013E-03
+2.570000E+00,+3.804020E+00,+693.002E-03
+2.575000E+00,+3.844221E+00,+670.892E-03
+2.580000E+00,+3.804020E+00,+664.862E-03
+2.585000E+00,+3.804020E+00,+664.862E-03
+2.590000E+00,+3.804020E+00,+668.882E-03
+2.595000E+00,+3.793970E+00,+666.872E-03
+2.600000E+00,+3.804020E+00,+640.741E-03
+2.605000E+00,+3.763819E+00,+640.741E-03
+2.610000E+00,+3.763819E+00,+644.761E-03
+2.615000E+00,+3.793970E+00,+640.741E-03
+2.620000E+00,+3.763819E+00,+640.741E-03
+2.625000E+00,+3.763819E+00,+640.741E-03
+2.630000E+00,+3.763819E+00,+644.761E-03
+2.635000E+00,+3.733668E+00,+616.621E-03
+2.640000E+00,+3.763819E+00,+616.621E-03
+2.645000E+00,+3.763819E+00,+616.621E-03
+2.650000E+00,+3.723618E+00,+612.600E-03
+2.655000E+00,+3.733668E+00,+616.621E-03
+2.660000E+00,+3.723618E+00,+616.621E-03
+2.665000E+00,+3.723618E+00,+610.590E-03
+2.670000E+00,+3.723618E+00,+596.520E-03
+2.675000E+00,+3.693467E+00,+592.500E-03
+2.680000E+00,+3.723618E+00,+584.460E-03
+2.685000E+00,+3.713568E+00,+594.510E-03
+2.690000E+00,+3.703518E+00,+596.520E-03
+2.695000E+00,+3.723618E+00,+598.530E-03
+2.700000E+00,+3.683417E+00,+568.379E-03
+2.705000E+00,+3.683417E+00,+568.379E-03
+2.710000E+00,+3.663317E+00,+572.399E-03
+2.715000E+00,+3.683417E+00,+568.379E-03
+2.720000E+00,+3.643216E+00,+568.379E-03
+2.725000E+00,+3.683417E+00,+574.410E-03
+2.730000E+00,+3.643216E+00,+544.259E-03
+2.735000E+00,+3.643216E+00,+550.289E-03
+2.740000E+00,+3.603015E+00,+544.259E-03
+2.745000E+00,+3.643216E+00,+546.269E-03
+2.750000E+00,+3.643216E+00,+548.279E-03
+2.755000E+00,+3.643216E+00,+546.269E-03
+2.760000E+00,+3.643216E+00,+544.259E-03
+2.765000E+00,+3.603015E+00,+526.168E-03
+2.770000E+00,+3.603015E+00,+532.198E-03
+2.775000E+00,+3.633166E+00,+528.178E-03
+2.780000E+00,+3.603015E+00,+528.178E-03
+2.785000E+00,+3.572864E+00,+528.178E-03
+2.790000E+00,+3.623116E+00,+528.178E-03
+2.795000E+00,+3.633166E+00,+530.188E-03
+2.800000E+00,+3.562814E+00,+504.058E-03
+2.805000E+00,+3.603015E+00,+504.058E-03
+2.810000E+00,+3.582915E+00,+508.078E-03
+2.815000E+00,+3.562814E+00,+504.058E-03
+2.820000E+00,+3.562814E+00,+504.058E-03
+2.825000E+00,+3.562814E+00,+481.947E-03
+2.830000E+00,+3.542714E+00,+483.957E-03
+2.835000E+00,+3.562814E+00,+479.937E-03
+2.840000E+00,+3.522613E+00,+479.937E-03
+2.845000E+00,+3.562814E+00,+481.947E-03
+2.850000E+00,+3.542714E+00,+479.937E-03
+2.855000E+00,+3.532663E+00,+485.967E-03
+2.860000E+00,+3.522613E+00,+487.977E-03
+2.865000E+00,+3.522613E+00,+463.857E-03
+2.870000E+00,+3.522613E+00,+467.877E-03
+2.875000E+00,+3.522613E+00,+463.857E-03
+2.880000E+00,+3.482412E+00,+463.857E-03
+2.885000E+00,+3.522613E+00,+465.867E-03
+2.890000E+00,+3.502513E+00,+463.857E-03
+2.895000E+00,+3.482412E+00,+447.776E-03
+2.900000E+00,+3.442211E+00,+447.776E-03
+2.905000E+00,+3.482412E+00,+445.766E-03
+2.910000E+00,+3.502513E+00,+447.776E-03
+2.915000E+00,+3.482412E+00,+441.746E-03
+2.920000E+00,+3.442211E+00,+439.736E-03
+2.925000E+00,+3.442211E+00,+423.656E-03
+2.930000E+00,+3.462312E+00,+423.656E-03
+2.935000E+00,+3.442211E+00,+423.656E-03
+2.940000E+00,+3.442211E+00,+423.656E-03
+2.945000E+00,+3.442211E+00,+431.696E-03
+2.950000E+00,+3.442211E+00,+423.656E-03
+2.955000E+00,+3.442211E+00,+421.646E-03
+2.960000E+00,+3.442211E+00,+415.616E-03
+2.965000E+00,+3.412060E+00,+415.616E-03
+2.970000E+00,+3.442211E+00,+411.595E-03
+2.975000E+00,+3.442211E+00,+415.616E-03
+2.980000E+00,+3.442211E+00,+415.616E-03
+2.985000E+00,+3.432161E+00,+421.646E-03
+2.990000E+00,+3.402010E+00,+403.555E-03
+2.995000E+00,+3.402010E+00,+391.495E-03
+3.000000E+00,+3.402010E+00,+399.535E-03
+3.005000E+00,+3.432161E+00,+397.525E-03
+3.010000E+00,+3.422111E+00,+395.515E-03
+3.015000E+00,+3.371859E+00,+399.535E-03
+3.020000E+00,+3.402010E+00,+391.495E-03
+3.025000E+00,+3.361809E+00,+375.415E-03
+3.030000E+00,+3.361809E+00,+379.435E-03
+3.035000E+00,+3.371859E+00,+381.445E-03
+3.040000E+00,+3.402010E+00,+375.415E-03
+3.045000E+00,+3.361809E+00,+383.455E-03
+3.050000E+00,+3.381910E+00,+379.435E-03
+3.055000E+00,+3.331658E+00,+367.374E-03
+3.060000E+00,+3.321608E+00,+367.374E-03
+3.065000E+00,+3.321608E+00,+367.374E-03
+3.070000E+00,+3.361809E+00,+367.374E-03
+3.075000E+00,+3.361809E+00,+367.374E-03
+3.080000E+00,+3.321608E+00,+367.374E-03
+3.085000E+00,+3.361809E+00,+367.374E-03
+3.090000E+00,+3.321608E+00,+351.294E-03
+3.095000E+00,+3.321608E+00,+351.294E-03
+3.100000E+00,+3.321608E+00,+351.294E-03
+3.105000E+00,+3.311558E+00,+359.334E-03
+3.110000E+00,+3.321608E+00,+347.274E-03
+3.115000E+00,+3.291457E+00,+357.324E-03
+3.120000E+00,+3.321608E+00,+335.214E-03
+3.125000E+00,+3.281407E+00,+337.224E-03
+3.130000E+00,+3.281407E+00,+339.234E-03
+3.135000E+00,+3.281407E+00,+341.244E-03
+3.140000E+00,+3.281407E+00,+343.254E-03
+3.145000E+00,+3.281407E+00,+335.214E-03
+3.150000E+00,+3.261307E+00,+331.193E-03
+3.155000E+00,+3.241206E+00,+333.203E-03
+3.160000E+00,+3.281407E+00,+327.173E-03
+3.165000E+00,+3.241206E+00,+327.173E-03
+3.170000E+00,+3.241206E+00,+327.173E-03
+3.175000E+00,+3.271357E+00,+323.153E-03
+3.180000E+00,+3.241206E+00,+311.093E-03
+3.185000E+00,+3.241206E+00,+311.093E-03
+3.190000E+00,+3.221106E+00,+311.093E-03
+3.195000E+00,+3.231156E+00,+311.093E-03
+3.200000E+00,+3.241206E+00,+311.093E-03
+3.205000E+00,+3.231156E+00,+311.093E-03
+3.210000E+00,+3.241206E+00,+315.113E-03
+3.215000E+00,+3.190955E+00,+303.053E-03
+3.220000E+00,+3.160804E+00,+311.093E-03
+3.225000E+00,+3.201005E+00,+301.043E-03
+3.230000E+00,+3.201005E+00,+303.053E-03
+3.235000E+00,+3.190955E+00,+301.043E-03
+3.240000E+00,+3.201005E+00,+303.053E-03
+3.245000E+00,+3.231156E+00,+303.053E-03
+3.250000E+00,+3.201005E+00,+295.013E-03
+3.255000E+00,+3.201005E+00,+295.013E-03
+3.260000E+00,+3.160804E+00,+295.013E-03
+3.265000E+00,+3.160804E+00,+295.013E-03
+3.270000E+00,+3.180905E+00,+290.992E-03
+3.275000E+00,+3.160804E+00,+293.002E-03
+3.280000E+00,+3.160804E+00,+278.932E-03
+3.285000E+00,+3.130653E+00,+278.932E-03
+3.290000E+00,+3.140704E+00,+278.932E-03
+3.295000E+00,+3.120603E+00,+280.942E-03
+3.300000E+00,+3.160804E+00,+286.972E-03
+3.305000E+00,+3.130653E+00,+284.962E-03
+3.310000E+00,+3.160804E+00,+278.932E-03
+3.315000E+00,+3.120603E+00,+270.892E-03
+3.320000E+00,+3.120603E+00,+262.852E-03
+3.325000E+00,+3.130653E+00,+276.922E-03
+3.330000E+00,+3.120603E+00,+274.912E-03
+3.335000E+00,+3.120603E+00,+272.902E-03
+3.340000E+00,+3.120603E+00,+262.852E-03
+3.345000E+00,+3.090452E+00,+264.862E-03
+3.350000E+00,+3.080402E+00,+262.852E-03
+3.355000E+00,+3.080402E+00,+262.852E-03
+3.360000E+00,+3.080402E+00,+262.852E-03
+3.365000E+00,+3.080402E+00,+264.862E-03
+3.370000E+00,+3.060302E+00,+258.832E-03
+3.375000E+00,+3.080402E+00,+264.862E-03
+3.380000E+00,+3.040201E+00,+254.812E-03
+3.385000E+00,+3.080402E+00,+256.822E-03
+3.390000E+00,+3.040201E+00,+258.832E-03
+3.395000E+00,+3.070352E+00,+258.832E-03
+3.400000E+00,+3.040201E+00,+254.812E-03
+3.405000E+00,+3.030151E+00,+246.771E-03
+3.410000E+00,+3.000000E+00,+250.791E-03
+3.415000E+00,+3.020101E+00,+246.771E-03
+3.420000E+00,+3.040201E+00,+246.771E-03
+3.425000E+00,+3.030151E+00,+252.801E-03
+3.430000E+00,+3.000000E+00,+246.771E-03
+3.435000E+00,+3.020101E+00,+246.771E-03
+3.440000E+00,+3.040201E+00,+246.771E-03
+3.445000E+00,+3.000000E+00,+238.731E-03
+3.450000E+00,+3.020101E+00,+238.731E-03
+3.455000E+00,+3.000000E+00,+238.731E-03
+3.460000E+00,+3.000000E+00,+238.731E-03
+3.465000E+00,+2.989950E+00,+244.761E-03
+3.470000E+00,+2.959799E+00,+234.711E-03
+3.475000E+00,+2.989950E+00,+238.731E-03
+3.480000E+00,+3.000000E+00,+230.691E-03
+3.485000E+00,+2.969849E+00,+232.701E-03
+3.490000E+00,+2.979899E+00,+234.711E-03
+3.495000E+00,+2.959799E+00,+232.701E-03
+3.500000E+00,+3.000000E+00,+230.691E-03
+3.505000E+00,+2.959799E+00,+224.661E-03
+3.510000E+00,+2.959799E+00,+222.651E-03
+3.515000E+00,+2.949749E+00,+230.691E-03
+3.520000E+00,+2.959799E+00,+230.691E-03
+3.525000E+00,+2.959799E+00,+224.661E-03
+3.530000E+00,+2.919598E+00,+222.651E-03
+3.535000E+00,+2.949749E+00,+230.691E-03
+3.540000E+00,+2.919598E+00,+222.651E-03
+3.545000E+00,+2.919598E+00,+220.641E-03
+3.550000E+00,+2.899497E+00,+218.631E-03
+3.555000E+00,+2.919598E+00,+216.621E-03
+3.560000E+00,+2.919598E+00,+214.611E-03
+3.565000E+00,+2.919598E+00,+222.651E-03
+3.570000E+00,+2.879397E+00,+210.590E-03
+3.575000E+00,+2.909548E+00,+214.611E-03
+3.580000E+00,+2.879397E+00,+214.611E-03
+3.585000E+00,+2.849246E+00,+212.600E-03
+3.590000E+00,+2.899497E+00,+210.590E-03
+3.595000E+00,+2.879397E+00,+214.611E-03
+3.600000E+00,+2.879397E+00,+214.611E-03
+3.605000E+00,+2.829146E+00,+208.580E-03
+3.610000E+00,+2.859296E+00,+206.570E-03
+3.615000E+00,+2.869347E+00,+206.570E-03
+3.620000E+00,+2.879397E+00,+214.611E-03
+3.625000E+00,+2.879397E+00,+206.570E-03
+3.630000E+00,+2.859296E+00,+202.550E-03
+3.635000E+00,+2.849246E+00,+198.530E-03
+3.640000E+00,+2.839196E+00,+198.530E-03
+3.645000E+00,+2.839196E+00,+204.560E-03
+3.650000E+00,+2.839196E+00,+206.570E-03
+3.655000E+00,+2.798995E+00,+200.540E-03
+3.660000E+00,+2.839196E+00,+198.530E-03
+3.665000E+00,+2.829146E+00,+204.560E-03
+3.670000E+00,+2.819095E+00,+194.510E-03
+3.675000E+00,+2.798995E+00,+198.530E-03
+3.680000E+00,+2.798995E+00,+198.530E-03
+3.685000E+00,+2.798995E+00,+198.530E-03
+3.690000E+00,+2.798995E+00,+198.530E-03
+3.695000E+00,+2.798995E+00,+192.500E-03
+3.700000E+00,+2.758794E+00,+190.490E-03
+3.705000E+00,+2.758794E+00,+190.490E-03
+3.710000E+00,+2.758794E+00,+190.490E-03
+3.715000E+00,+2.758794E+00,+196.520E-03
+3.720000E+00,+2.798995E+00,+190.490E-03
+3.725000E+00,+2.768844E+00,+190.490E-03
+3.730000E+00,+2.738693E+00,+182.450E-03
+3.735000E+00,+2.728643E+00,+184.460E-03
+3.740000E+00,+2.758794E+00,+182.450E-03
+3.745000E+00,+2.748744E+00,+182.450E-03
+3.750000E+00,+2.738693E+00,+182.450E-03
+3.755000E+00,+2.728643E+00,+190.490E-03
+3.760000E+00,+2.758794E+00,+190.490E-03
+3.765000E+00,+2.688442E+00,+182.450E-03
+3.770000E+00,+2.718593E+00,+182.450E-03
+3.775000E+00,+2.718593E+00,+188.480E-03
+3.780000E+00,+2.758794E+00,+182.450E-03
+3.785000E+00,+2.718593E+00,+182.450E-03
+3.790000E+00,+2.718593E+00,+178.430E-03
+3.795000E+00,+2.678392E+00,+182.450E-03
+3.800000E+00,+2.678392E+00,+174.410E-03
+3.805000E+00,+2.678392E+00,+180.440E-03
+3.810000E+00,+2.678392E+00,+178.430E-03
+3.815000E+00,+2.678392E+00,+180.440E-03
+3.820000E+00,+2.718593E+00,+182.450E-03
+3.825000E+00,+2.708543E+00,+180.440E-03
+3.830000E+00,+2.658291E+00,+174.410E-03
+3.835000E+00,+2.678392E+00,+174.410E-03
+3.840000E+00,+2.638191E+00,+174.410E-03
+3.845000E+00,+2.668342E+00,+174.410E-03
+3.850000E+00,+2.638191E+00,+174.410E-03
+3.855000E+00,+2.638191E+00,+168.379E-03
+3.860000E+00,+2.638191E+00,+174.410E-03
+3.865000E+00,+2.638191E+00,+168.379E-03
+3.870000E+00,+2.638191E+00,+166.369E-03
+3.875000E+00,+2.638191E+00,+166.369E-03
+3.880000E+00,+2.638191E+00,+174.410E-03
+3.885000E+00,+2.597990E+00,+168.379E-03
+3.890000E+00,+2.638191E+00,+170.389E-03
+3.895000E+00,+2.597990E+00,+166.369E-03
+3.900000E+00,+2.597990E+00,+158.329E-03
+3.905000E+00,+2.597990E+00,+152.299E-03
+3.910000E+00,+2.618090E+00,+166.369E-03
+3.915000E+00,+2.597990E+00,+166.369E-03
+3.920000E+00,+2.597990E+00,+166.369E-03
+3.925000E+00,+2.587940E+00,+158.329E-03
+3.930000E+00,+2.557789E+00,+162.349E-03
+3.935000E+00,+2.597990E+00,+160.339E-03
+3.940000E+00,+2.597990E+00,+158.329E-03
+3.945000E+00,+2.557789E+00,+158.329E-03
+3.950000E+00,+2.577889E+00,+162.349E-03
+3.955000E+00,+2.547739E+00,+156.319E-03
+3.960000E+00,+2.557789E+00,+158.329E-03
+3.965000E+00,+2.517588E+00,+158.329E-03
+3.970000E+00,+2.537688E+00,+150.289E-03
+3.975000E+00,+2.527638E+00,+158.329E-03
+3.980000E+00,+2.557789E+00,+158.329E-03
+3.985000E+00,+2.517588E+00,+156.319E-03
+3.990000E+00,+2.497487E+00,+154.309E-03
+3.995000E+00,+2.517588E+00,+156.319E-03
+4.000000E+00,+2.517588E+00,+150.289E-03
+4.005000E+00,+2.517588E+00,+150.289E-03
+4.010000E+00,+2.517588E+00,+154.309E-03
+4.015000E+00,+2.517588E+00,+150.289E-03
+4.020000E+00,+2.517588E+00,+158.329E-03
+4.025000E+00,+2.517588E+00,+150.289E-03
+4.030000E+00,+2.477387E+00,+146.269E-03
+4.035000E+00,+2.487437E+00,+150.289E-03
+4.040000E+00,+2.477387E+00,+150.289E-03
+4.045000E+00,+2.487437E+00,+150.289E-03
+4.050000E+00,+2.497487E+00,+150.289E-03
+4.055000E+00,+2.467337E+00,+142.249E-03
+4.060000E+00,+2.477387E+00,+142.249E-03
+4.065000E+00,+2.467337E+00,+150.289E-03
+4.070000E+00,+2.457286E+00,+146.269E-03
+4.075000E+00,+2.467337E+00,+142.249E-03
+4.080000E+00,+2.477387E+00,+142.249E-03
+4.085000E+00,+2.467337E+00,+148.279E-03
+4.090000E+00,+2.437186E+00,+142.249E-03
+4.095000E+00,+2.437186E+00,+142.249E-03
+4.100000E+00,+2.437186E+00,+142.249E-03
+4.105000E+00,+2.437186E+00,+142.249E-03
+4.110000E+00,+2.457286E+00,+146.269E-03
+4.115000E+00,+2.437186E+00,+142.249E-03
+4.120000E+00,+2.437186E+00,+134.209E-03
+4.125000E+00,+2.427136E+00,+140.239E-03
+4.130000E+00,+2.417085E+00,+134.209E-03
+4.135000E+00,+2.396985E+00,+140.239E-03
+4.140000E+00,+2.396985E+00,+134.209E-03
+4.145000E+00,+2.396985E+00,+136.219E-03
+4.150000E+00,+2.356784E+00,+138.229E-03
+4.155000E+00,+2.386935E+00,+140.239E-03
+4.160000E+00,+2.356784E+00,+134.209E-03
+4.165000E+00,+2.386935E+00,+134.209E-03
+4.170000E+00,+2.356784E+00,+134.209E-03
+4.175000E+00,+2.366834E+00,+134.209E-03
+4.180000E+00,+2.356784E+00,+142.249E-03
+4.185000E+00,+2.326633E+00,+134.209E-03
+4.190000E+00,+2.356784E+00,+134.209E-03
+4.195000E+00,+2.356784E+00,+132.198E-03
+4.200000E+00,+2.356784E+00,+134.209E-03
+4.205000E+00,+2.356784E+00,+132.198E-03
+4.210000E+00,+2.356784E+00,+134.209E-03
+4.215000E+00,+2.316583E+00,+132.198E-03
+4.220000E+00,+2.316583E+00,+126.168E-03
+4.225000E+00,+2.316583E+00,+126.168E-03
+4.230000E+00,+2.336683E+00,+126.168E-03
+4.235000E+00,+2.346734E+00,+128.178E-03
+4.240000E+00,+2.356784E+00,+134.209E-03
+4.245000E+00,+2.356784E+00,+126.168E-03
+4.250000E+00,+2.316583E+00,+126.168E-03
+4.255000E+00,+2.286432E+00,+126.168E-03
+4.260000E+00,+2.276382E+00,+126.168E-03
+4.265000E+00,+2.306533E+00,+124.158E-03
+4.270000E+00,+2.296482E+00,+126.168E-03
+4.275000E+00,+2.316583E+00,+120.138E-03
+4.280000E+00,+2.236181E+00,+126.168E-03
+4.285000E+00,+2.276382E+00,+124.158E-03
+4.290000E+00,+2.276382E+00,+122.148E-03
+4.295000E+00,+2.276382E+00,+124.158E-03
+4.300000E+00,+2.236181E+00,+126.168E-03
+4.305000E+00,+2.246231E+00,+126.168E-03
+4.310000E+00,+2.236181E+00,+118.128E-03
+4.315000E+00,+2.266332E+00,+120.138E-03
+4.320000E+00,+2.236181E+00,+118.128E-03
+4.325000E+00,+2.266332E+00,+118.128E-03
+4.330000E+00,+2.236181E+00,+118.128E-03
+4.335000E+00,+2.246231E+00,+118.128E-03
+4.340000E+00,+2.236181E+00,+118.128E-03
+4.345000E+00,+2.226131E+00,+112.098E-03
+4.350000E+00,+2.195980E+00,+118.128E-03
+4.355000E+00,+2.195980E+00,+118.128E-03
+4.360000E+00,+2.195980E+00,+126.168E-03
+4.365000E+00,+2.195980E+00,+124.158E-03
+4.370000E+00,+2.195980E+00,+114.108E-03
+4.375000E+00,+2.165829E+00,+116.118E-03
+4.380000E+00,+2.195980E+00,+118.128E-03
+4.385000E+00,+2.165829E+00,+112.098E-03
+4.390000E+00,+2.175879E+00,+118.128E-03
+4.395000E+00,+2.195980E+00,+110.088E-03
+4.400000E+00,+2.195980E+00,+118.128E-03
+4.405000E+00,+2.195980E+00,+116.118E-03
+4.410000E+00,+2.155779E+00,+110.088E-03
+4.415000E+00,+2.195980E+00,+110.088E-03
+4.420000E+00,+2.155779E+00,+118.128E-03
+4.425000E+00,+2.155779E+00,+110.088E-03
+4.430000E+00,+2.155779E+00,+110.088E-03
+4.435000E+00,+2.185930E+00,+110.088E-03
+4.440000E+00,+2.115578E+00,+110.088E-03
+4.445000E+00,+2.145729E+00,+110.088E-03
+4.450000E+00,+2.115578E+00,+114.108E-03
+4.455000E+00,+2.115578E+00,+110.088E-03
+4.460000E+00,+2.115578E+00,+110.088E-03
+4.465000E+00,+2.115578E+00,+110.088E-03
+4.470000E+00,+2.115578E+00,+110.088E-03
+4.475000E+00,+2.105528E+00,+108.078E-03
+4.480000E+00,+2.075377E+00,+102.048E-03
+4.485000E+00,+2.115578E+00,+110.088E-03
+4.490000E+00,+2.075377E+00,+106.068E-03
+4.495000E+00,+2.075377E+00,+108.078E-03
+4.500000E+00,+2.115578E+00,+102.048E-03
+4.505000E+00,+2.105528E+00,+108.078E-03
+4.510000E+00,+2.075377E+00,+102.048E-03
+4.515000E+00,+2.075377E+00,+104.058E-03
+4.520000E+00,+2.075377E+00,+110.088E-03
+4.525000E+00,+2.075377E+00,+102.048E-03
+4.530000E+00,+2.075377E+00,+106.068E-03
+4.535000E+00,+2.035176E+00,+108.078E-03
+4.540000E+00,+2.035176E+00,+102.048E-03
+4.545000E+00,+2.035176E+00,+102.048E-03
+4.550000E+00,+2.035176E+00,+102.048E-03
+4.555000E+00,+2.035176E+00,+108.078E-03
+4.560000E+00,+2.035176E+00,+102.048E-03
+4.565000E+00,+2.045226E+00,+102.048E-03
+4.570000E+00,+2.035176E+00,+102.048E-03
+4.575000E+00,+2.005025E+00,+96.018E-03
+4.580000E+00,+2.035176E+00,+102.048E-03
+4.585000E+00,+2.035176E+00,+102.048E-03
+4.590000E+00,+2.035176E+00,+102.048E-03
+4.595000E+00,+2.005025E+00,+102.048E-03
+4.600000E+00,+2.035176E+00,+102.048E-03
+4.605000E+00,+1.994975E+00,+102.048E-03
+4.610000E+00,+1.994975E+00,+94.008E-03
+4.615000E+00,+1.994975E+00,+96.018E-03
+4.620000E+00,+1.994975E+00,+94.008E-03
+4.625000E+00,+1.994975E+00,+94.008E-03
+4.630000E+00,+1.994975E+00,+98.028E-03
+4.635000E+00,+1.954774E+00,+94.008E-03
+4.640000E+00,+1.954774E+00,+94.008E-03
+4.645000E+00,+1.954774E+00,+94.008E-03
+4.650000E+00,+1.954774E+00,+98.028E-03
+4.655000E+00,+1.964824E+00,+94.008E-03
+4.660000E+00,+1.954774E+00,+94.008E-03
+4.665000E+00,+1.924623E+00,+102.048E-03
+4.670000E+00,+1.934673E+00,+85.967E-03
+4.675000E+00,+1.954774E+00,+94.008E-03
+4.680000E+00,+1.914573E+00,+94.008E-03
+4.685000E+00,+1.914573E+00,+91.997E-03
+4.690000E+00,+1.934673E+00,+94.008E-03
+4.695000E+00,+1.954774E+00,+94.008E-03
+4.700000E+00,+1.914573E+00,+94.008E-03
+4.705000E+00,+1.914573E+00,+94.008E-03
+4.710000E+00,+1.914573E+00,+94.008E-03
+4.715000E+00,+1.914573E+00,+91.997E-03
+4.720000E+00,+1.914573E+00,+94.008E-03
+4.725000E+00,+1.914573E+00,+91.997E-03
+4.730000E+00,+1.894472E+00,+89.987E-03
+4.735000E+00,+1.894472E+00,+87.977E-03
+4.740000E+00,+1.914573E+00,+94.008E-03
+4.745000E+00,+1.874372E+00,+85.967E-03
+4.750000E+00,+1.874372E+00,+94.008E-03
+4.755000E+00,+1.874372E+00,+83.957E-03
+4.760000E+00,+1.874372E+00,+85.967E-03
+4.765000E+00,+1.874372E+00,+85.967E-03
+4.770000E+00,+1.834171E+00,+89.987E-03
+4.775000E+00,+1.844221E+00,+91.997E-03
+4.780000E+00,+1.874372E+00,+85.967E-03
+4.785000E+00,+1.844221E+00,+85.967E-03
+4.790000E+00,+1.874372E+00,+89.987E-03
+4.795000E+00,+1.864322E+00,+79.937E-03
+4.800000E+00,+1.834171E+00,+85.967E-03
+4.805000E+00,+1.834171E+00,+85.967E-03
+4.810000E+00,+1.814070E+00,+85.967E-03
+4.815000E+00,+1.834171E+00,+85.967E-03
+4.820000E+00,+1.834171E+00,+85.967E-03
+4.825000E+00,+1.793970E+00,+83.957E-03
+4.830000E+00,+1.793970E+00,+81.947E-03
+4.835000E+00,+1.763819E+00,+77.927E-03
+4.840000E+00,+1.793970E+00,+85.967E-03
+4.845000E+00,+1.793970E+00,+85.967E-03
+4.850000E+00,+1.793970E+00,+81.947E-03
+4.855000E+00,+1.793970E+00,+85.967E-03
+4.860000E+00,+1.793970E+00,+77.927E-03
+4.865000E+00,+1.783920E+00,+77.927E-03
+4.870000E+00,+1.753769E+00,+77.927E-03
+4.875000E+00,+1.783920E+00,+77.927E-03
+4.880000E+00,+1.753769E+00,+85.967E-03
+4.885000E+00,+1.753769E+00,+83.957E-03
+4.890000E+00,+1.733668E+00,+77.927E-03
+4.895000E+00,+1.753769E+00,+77.927E-03
+4.900000E+00,+1.753769E+00,+85.967E-03
+4.905000E+00,+1.743719E+00,+77.927E-03
+4.910000E+00,+1.733668E+00,+81.947E-03
+4.915000E+00,+1.743719E+00,+83.957E-03
+4.920000E+00,+1.713568E+00,+77.927E-03
+4.925000E+00,+1.713568E+00,+77.927E-03
+4.930000E+00,+1.693467E+00,+77.927E-03
+4.935000E+00,+1.703518E+00,+69.887E-03
+4.940000E+00,+1.673367E+00,+77.927E-03
+4.945000E+00,+1.713568E+00,+79.937E-03
+4.950000E+00,+1.713568E+00,+77.927E-03
+4.955000E+00,+1.673367E+00,+77.927E-03
+4.960000E+00,+1.713568E+00,+77.927E-03
+4.965000E+00,+1.703518E+00,+77.927E-03
+4.970000E+00,+1.673367E+00,+77.927E-03
+4.975000E+00,,
+4.980000E+00,,
+4.985000E+00,,
+4.990000E+00,,
+4.995000E+00,,
